Position,Name + ID,Name,ID,Roster Position,Salary,Game Info,TeamAbbrev,AvgPointsPerGame,Status
RB,Jahmyr Gibbs (44247672),Jahmyr Gibbs,44247672,RB/FLEX,8800,NYJ@DET 09/27/2026 01:00PM ET,DET,30.5,
WR,Jaxon Smith-Njigba (44248026),Jaxon Smith-Njigba,44248026,WR/FLEX,8600,SEA@WAS 09/27/2026 01:00PM ET,SEA,37.4,
RB,Christian McCaffrey (44247674),Christian McCaffrey,44247674,RB/FLEX,8300,ARI@SF 09/27/2026 04:05PM ET,SF,18.2,
WR,Ja'Marr Chase (44248028),Ja'Marr Chase,44248028,WR/FLEX,8100,CIN@PIT 09/27/2026 01:00PM ET,CIN,14.9,
QB,Josh Allen (44247572),Josh Allen,44247572,QB,8000,LAC@BUF 09/27/2026 01:00PM ET,BUF,39.7,
WR,Amon-Ra St. Brown (44248030),Amon-Ra St. Brown,44248030,WR/FLEX,7900,NYJ@DET 09/27/2026 01:00PM ET,DET,33.5,
WR,CeeDee Lamb (44248032),CeeDee Lamb,44248032,WR/FLEX,7800,BAL@DAL 09/27/2026 04:25PM ET,DAL,26.9,
RB,Derrick Henry (44247676),Derrick Henry,44247676,RB/FLEX,7700,BAL@DAL 09/27/2026 04:25PM ET,BAL,28,
WR,Puka Nacua (44248034),Puka Nacua,44248034,WR/FLEX,7700,LAR@DEN 09/27/2026 08:20PM ET,LAR,12.4,D
RB,Jonathan Taylor (44247678),Jonathan Taylor,44247678,RB/FLEX,7600,HOU@IND 09/27/2026 01:00PM ET,IND,27.7,
QB,Lamar Jackson (44247573),Lamar Jackson,44247573,QB,7500,BAL@DAL 09/27/2026 04:25PM ET,BAL,22.4,
WR,Justin Jefferson (44248036),Justin Jefferson,44248036,WR/FLEX,7500,MIN@TB 09/27/2026 04:05PM ET,MIN,19.9,
RB,Kenneth Walker III (44247680),Kenneth Walker III,44247680,RB/FLEX,7400,KC@MIA 09/27/2026 01:00PM ET,KC,32,
WR,Chris Olave (44248038),Chris Olave,44248038,WR/FLEX,7200,LV@NO 09/27/2026 04:25PM ET,NO,26.9,
RB,Ashton Jeanty (44247682),Ashton Jeanty,44247682,RB/FLEX,7100,LV@NO 09/27/2026 04:25PM ET,LV,23,
WR,DeVonta Smith (44248040),DeVonta Smith,44248040,WR/FLEX,7100,PHI@CHI 09/28/2026 08:15PM ET,PHI,19.5,
RB,Saquon Barkley (44247684),Saquon Barkley,44247684,RB/FLEX,7000,PHI@CHI 09/28/2026 08:15PM ET,PHI,6,
WR,Nico Collins (44248042),Nico Collins,44248042,WR/FLEX,7000,HOU@IND 09/27/2026 01:00PM ET,HOU,21.2,OUT
RB,James Cook III (44247686),James Cook III,44247686,RB/FLEX,6900,LAC@BUF 09/27/2026 01:00PM ET,BUF,16.9,
WR,Zay Flowers (44248044),Zay Flowers,44248044,WR/FLEX,6900,BAL@DAL 09/27/2026 04:25PM ET,BAL,29,Q
QB,Jalen Hurts (44247574),Jalen Hurts,44247574,QB,6800,PHI@CHI 09/28/2026 08:15PM ET,PHI,21.4,
RB,Omarion Hampton (44247688),Omarion Hampton,44247688,RB/FLEX,6800,LAC@BUF 09/27/2026 01:00PM ET,LAC,13.9,
WR,Mike Evans (44248046),Mike Evans,44248046,WR/FLEX,6800,ARI@SF 09/27/2026 04:05PM ET,SF,12.7,Q
QB,Dak Prescott (44247575),Dak Prescott,44247575,QB,6700,BAL@DAL 09/27/2026 04:25PM ET,DAL,22.6,
RB,Javonte Williams (44247690),Javonte Williams,44247690,RB/FLEX,6700,BAL@DAL 09/27/2026 04:25PM ET,DAL,16.1,
WR,Jaylen Waddle (44248048),Jaylen Waddle,44248048,WR/FLEX,6700,LAR@DEN 09/27/2026 08:20PM ET,DEN,13,
TE,Trey McBride (44248590),Trey McBride,44248590,TE/FLEX,6700,ARI@SF 09/27/2026 04:05PM ET,ARI,21.3,
QB,Joe Burrow (44247576),Joe Burrow,44247576,QB,6600,CIN@PIT 09/27/2026 01:00PM ET,CIN,15.7,
RB,Chase Brown (44247692),Chase Brown,44247692,RB/FLEX,6600,CIN@PIT 09/27/2026 01:00PM ET,CIN,15,
WR,George Pickens (44248050),George Pickens,44248050,WR/FLEX,6600,BAL@DAL 09/27/2026 04:25PM ET,DAL,7.9,
TE,Brock Bowers (44248592),Brock Bowers,44248592,TE/FLEX,6600,LV@NO 09/27/2026 04:25PM ET,LV,0,Q
QB,Brock Purdy (44247577),Brock Purdy,44247577,QB,6500,ARI@SF 09/27/2026 04:05PM ET,SF,25.3,
RB,De'Von Achane (44247694),De'Von Achane,44247694,RB/FLEX,6500,KC@MIA 09/27/2026 01:00PM ET,MIA,11.5,
WR,Malik Nabers (44248052),Malik Nabers,44248052,WR/FLEX,6500,TEN@NYG 09/27/2026 01:00PM ET,NYG,7,
QB,Caleb Williams (44247578),Caleb Williams,44247578,QB,6400,PHI@CHI 09/28/2026 08:15PM ET,CHI,23,OUT
RB,Breece Hall (44247696),Breece Hall,44247696,RB/FLEX,6400,NYJ@DET 09/27/2026 01:00PM ET,NYJ,18.5,
WR,Rashee Rice (44248054),Rashee Rice,44248054,WR/FLEX,6400,KC@MIA 09/27/2026 01:00PM ET,KC,11.1,
QB,Jared Goff (44247579),Jared Goff,44247579,QB,6300,NYJ@DET 09/27/2026 01:00PM ET,DET,24.6,
RB,Bucky Irving (44247698),Bucky Irving,44247698,RB/FLEX,6300,MIN@TB 09/27/2026 04:05PM ET,TB,17.2,
WR,Garrett Wilson (44248056),Garrett Wilson,44248056,WR/FLEX,6300,NYJ@DET 09/27/2026 01:00PM ET,NYJ,15.3,
QB,Patrick Mahomes (44247580),Patrick Mahomes,44247580,QB,6200,KC@MIA 09/27/2026 01:00PM ET,KC,27.3,
RB,D'Andre Swift (44247700),D'Andre Swift,44247700,RB/FLEX,6200,PHI@CHI 09/28/2026 08:15PM ET,CHI,24.7,
RB,Cam Skattebo (44247702),Cam Skattebo,44247702,RB/FLEX,6200,TEN@NYG 09/27/2026 01:00PM ET,NYG,11.8,
WR,Davante Adams (44248058),Davante Adams,44248058,WR/FLEX,6200,LAR@DEN 09/27/2026 08:20PM ET,LAR,24.1,
WR,Emeka Egbuka (44248060),Emeka Egbuka,44248060,WR/FLEX,6200,MIN@TB 09/27/2026 04:05PM ET,TB,10.8,
QB,Drake Maye (44247581),Drake Maye,44247581,QB,6100,NE@JAX 09/27/2026 01:00PM ET,NE,10.9,
RB,Kyren Williams (44247704),Kyren Williams,44247704,RB/FLEX,6100,LAR@DEN 09/27/2026 08:20PM ET,LAR,16.1,
RB,Chuba Hubbard (44247706),Chuba Hubbard,44247706,RB/FLEX,6100,CAR@CLE 09/27/2026 01:00PM ET,CAR,19.1,
WR,Tee Higgins (44248062),Tee Higgins,44248062,WR/FLEX,6100,CIN@PIT 09/27/2026 01:00PM ET,CIN,11.7,
QB,Jayden Daniels (44247582),Jayden Daniels,44247582,QB,6000,SEA@WAS 09/27/2026 01:00PM ET,WAS,16.2,OUT
RB,David Montgomery (44247708),David Montgomery,44247708,RB/FLEX,6000,HOU@IND 09/27/2026 01:00PM ET,HOU,16.7,
WR,Tetairoa McMillan (44248064),Tetairoa McMillan,44248064,WR/FLEX,6000,CAR@CLE 09/27/2026 01:00PM ET,CAR,14.8,
WR,Parker Washington (44248066),Parker Washington,44248066,WR/FLEX,6000,NE@JAX 09/27/2026 01:00PM ET,JAX,18.1,
QB,Matthew Stafford (44247583),Matthew Stafford,44247583,QB,5900,LAR@DEN 09/27/2026 08:20PM ET,LAR,18,
QB,Jaxson Dart (44247584),Jaxson Dart,44247584,QB,5900,TEN@NYG 09/27/2026 01:00PM ET,NYG,13.7,IR
RB,Aaron Jones Sr. (44247710),Aaron Jones Sr.,44247710,RB/FLEX,5900,MIN@TB 09/27/2026 04:05PM ET,MIN,11.8,
WR,Ladd McConkey (44248068),Ladd McConkey,44248068,WR/FLEX,5900,LAC@BUF 09/27/2026 01:00PM ET,LAC,12.9,
QB,Justin Herbert (44247585),Justin Herbert,44247585,QB,5800,LAC@BUF 09/27/2026 01:00PM ET,LAC,12.1,
RB,Travis Etienne Jr. (44247712),Travis Etienne Jr.,44247712,RB/FLEX,5800,LV@NO 09/27/2026 04:25PM ET,NO,11,
WR,DJ Moore (44248070),DJ Moore,44248070,WR/FLEX,5800,LAC@BUF 09/27/2026 01:00PM ET,BUF,12,Q
QB,Trevor Lawrence (44247586),Trevor Lawrence,44247586,QB,5700,NE@JAX 09/27/2026 01:00PM ET,JAX,16.6,
RB,Jaylen Warren (44247714),Jaylen Warren,44247714,RB/FLEX,5700,CIN@PIT 09/27/2026 01:00PM ET,PIT,10.5,Q
WR,Josh Downs (44248072),Josh Downs,44248072,WR/FLEX,5700,HOU@IND 09/27/2026 01:00PM ET,IND,10,
QB,Bryce Young (44247587),Bryce Young,44247587,QB,5600,CAR@CLE 09/27/2026 01:00PM ET,CAR,29.8,
RB,Bhayshul Tuten (44247716),Bhayshul Tuten,44247716,RB/FLEX,5600,NE@JAX 09/27/2026 01:00PM ET,JAX,12,
WR,Luther Burden III (44248074),Luther Burden III,44248074,WR/FLEX,5600,PHI@CHI 09/28/2026 08:15PM ET,CHI,8.4,
WR,Alec Pierce (44248076),Alec Pierce,44248076,WR/FLEX,5600,HOU@IND 09/27/2026 01:00PM ET,IND,6.1,IR
QB,Bo Nix (44247588),Bo Nix,44247588,QB,5500,LAR@DEN 09/27/2026 08:20PM ET,DEN,11.3,
QB,C.J. Stroud (44247589),C.J. Stroud,44247589,QB,5500,HOU@IND 09/27/2026 01:00PM ET,HOU,19.2,
RB,Jeremiyah Love (44247718),Jeremiyah Love,44247718,RB/FLEX,5500,ARI@SF 09/27/2026 04:05PM ET,ARI,10.3,
RB,Quinshon Judkins (44247720),Quinshon Judkins,44247720,RB/FLEX,5500,CAR@CLE 09/27/2026 01:00PM ET,CLE,8.4,
WR,Stefon Diggs (44248078),Stefon Diggs,44248078,WR/FLEX,5500,SEA@WAS 09/27/2026 01:00PM ET,WAS,18.6,
WR,Jalen Coker (44248080),Jalen Coker,44248080,WR/FLEX,5500,CAR@CLE 09/27/2026 01:00PM ET,CAR,25.7,Q
TE,Dalton Kincaid (44248594),Dalton Kincaid,44248594,TE/FLEX,5500,LAC@BUF 09/27/2026 01:00PM ET,BUF,21.8,
QB,Tyler Shough (44247590),Tyler Shough,44247590,QB,5400,LV@NO 09/27/2026 04:25PM ET,NO,25.8,
QB,Sam Darnold (44247591),Sam Darnold,44247591,QB,5400,SEA@WAS 09/27/2026 01:00PM ET,SEA,0.5,
RB,J.K. Dobbins (44247722),J.K. Dobbins,44247722,RB/FLEX,5400,LAR@DEN 09/27/2026 08:20PM ET,DEN,3.6,
RB,Tony Pollard (44247724),Tony Pollard,44247724,RB/FLEX,5400,TEN@NYG 09/27/2026 01:00PM ET,TEN,6,
RB,Rhamondre Stevenson (44247726),Rhamondre Stevenson,44247726,RB/FLEX,5400,NE@JAX 09/27/2026 01:00PM ET,NE,9.6,
WR,DK Metcalf (44248082),DK Metcalf,44248082,WR/FLEX,5400,CIN@PIT 09/27/2026 01:00PM ET,PIT,7.4,
WR,Jameson Williams (44248084),Jameson Williams,44248084,WR/FLEX,5400,NYJ@DET 09/27/2026 01:00PM ET,DET,6.9,
QB,Baker Mayfield (44247592),Baker Mayfield,44247592,QB,5300,MIN@TB 09/27/2026 04:05PM ET,TB,13.9,
RB,Jacory Croskey-Merritt (44247728),Jacory Croskey-Merritt,44247728,RB/FLEX,5300,SEA@WAS 09/27/2026 01:00PM ET,WAS,9.2,
RB,Jadarian Price (44247730),Jadarian Price,44247730,RB/FLEX,5300,SEA@WAS 09/27/2026 01:00PM ET,SEA,6.9,
WR,Rome Odunze (44248086),Rome Odunze,44248086,WR/FLEX,5300,PHI@CHI 09/28/2026 08:15PM ET,CHI,7.3,
WR,Deebo Samuel Sr. (44248088),Deebo Samuel Sr.,44248088,WR/FLEX,5300,ARI@SF 09/27/2026 04:05PM ET,SF,12.3,
WR,Chris Godwin Jr. (44248090),Chris Godwin Jr.,44248090,WR/FLEX,5300,MIN@TB 09/27/2026 04:05PM ET,TB,8.6,
TE,Tyler Warren (44248596),Tyler Warren,44248596,TE/FLEX,5300,HOU@IND 09/27/2026 01:00PM ET,IND,12.4,
QB,Drew Lock (44247593),Drew Lock,44247593,QB,5200,SEA@WAS 09/27/2026 01:00PM ET,SEA,17.1,
RB,Kyle Monangai (44247732),Kyle Monangai,44247732,RB/FLEX,5200,PHI@CHI 09/28/2026 08:15PM ET,CHI,15.6,
RB,RJ Harvey (44247734),RJ Harvey,44247734,RB/FLEX,5200,LAR@DEN 09/27/2026 08:20PM ET,DEN,8.1,
RB,TreVeyon Henderson (44247736),TreVeyon Henderson,44247736,RB/FLEX,5200,NE@JAX 09/27/2026 01:00PM ET,NE,13.6,
WR,Courtland Sutton (44248092),Courtland Sutton,44248092,WR/FLEX,5200,LAR@DEN 09/27/2026 08:20PM ET,DEN,4.3,
WR,Michael Wilson (44248094),Michael Wilson,44248094,WR/FLEX,5200,ARI@SF 09/27/2026 04:05PM ET,ARI,7.2,
QB,Cam Ward (44247594),Cam Ward,44247594,QB,5100,TEN@NYG 09/27/2026 01:00PM ET,TEN,15.9,
QB,Kyler Murray (44247595),Kyler Murray,44247595,QB,5100,MIN@TB 09/27/2026 04:05PM ET,MIN,0.6,
RB,Jonah Coleman (44247738),Jonah Coleman,44247738,RB/FLEX,5100,LAR@DEN 09/27/2026 08:20PM ET,DEN,7.4,OUT
RB,Rachaad White (44247740),Rachaad White,44247740,RB/FLEX,5100,SEA@WAS 09/27/2026 01:00PM ET,WAS,9.5,
WR,Terry McLaurin (44248096),Terry McLaurin,44248096,WR/FLEX,5100,SEA@WAS 09/27/2026 01:00PM ET,WAS,5.2,
WR,Romeo Doubs (44248098),Romeo Doubs,44248098,WR/FLEX,5100,NE@JAX 09/27/2026 01:00PM ET,NE,6.3,
QB,Daniel Jones (44247596),Daniel Jones,44247596,QB,5000,HOU@IND 09/27/2026 01:00PM ET,IND,11.2,
QB,Aaron Rodgers (44247597),Aaron Rodgers,44247597,QB,5000,CIN@PIT 09/27/2026 01:00PM ET,PIT,9.3,
RB,Tank Bigsby (44247742),Tank Bigsby,44247742,RB/FLEX,5000,PHI@CHI 09/28/2026 08:15PM ET,PHI,6.1,
RB,Tyler Allgeier (44247744),Tyler Allgeier,44247744,RB/FLEX,5000,ARI@SF 09/27/2026 04:05PM ET,ARI,6.5,
RB,Woody Marks (44247746),Woody Marks,44247746,RB/FLEX,5000,HOU@IND 09/27/2026 01:00PM ET,HOU,6.8,
WR,Tre Tucker (44248100),Tre Tucker,44248100,WR/FLEX,5000,LV@NO 09/27/2026 04:25PM ET,LV,15.3,
WR,Carnell Tate (44248102),Carnell Tate,44248102,WR/FLEX,5000,TEN@NYG 09/27/2026 01:00PM ET,TEN,6.8,
TE,Colston Loveland (44248598),Colston Loveland,44248598,TE/FLEX,5000,PHI@CHI 09/28/2026 08:15PM ET,CHI,0.7,
QB,Geno Smith (44247598),Geno Smith,44247598,QB,4900,NYJ@DET 09/27/2026 01:00PM ET,NYJ,12.4,
QB,Malik Willis (44247599),Malik Willis,44247599,QB,4900,KC@MIA 09/27/2026 01:00PM ET,MIA,15.1,
RB,Emanuel Wilson (44247748),Emanuel Wilson,44247748,RB/FLEX,4900,SEA@WAS 09/27/2026 01:00PM ET,SEA,4.8,
RB,Tyjae Spears (44247750),Tyjae Spears,44247750,RB/FLEX,4900,TEN@NYG 09/27/2026 01:00PM ET,TEN,6.7,Q
WR,Quentin Johnston (44248104),Quentin Johnston,44248104,WR/FLEX,4900,LAC@BUF 09/27/2026 01:00PM ET,LAC,3.1,
WR,Jordan Addison (44248106),Jordan Addison,44248106,WR/FLEX,4900,MIN@TB 09/27/2026 04:05PM ET,MIN,2.1,
QB,Kirk Cousins (44247600),Kirk Cousins,44247600,QB,4800,LV@NO 09/27/2026 04:25PM ET,LV,18.5,
QB,Jacoby Brissett (44247601),Jacoby Brissett,44247601,QB,4800,ARI@SF 09/27/2026 04:05PM ET,ARI,12,
RB,Alvin Kamara (44247752),Alvin Kamara,44247752,RB/FLEX,4800,LV@NO 09/27/2026 04:25PM ET,NO,7.2,
RB,Kaelon Black (44247754),Kaelon Black,44247754,RB/FLEX,4800,ARI@SF 09/27/2026 04:05PM ET,SF,5.3,
RB,Kenny Gainwell (44247756),Kenny Gainwell,44247756,RB/FLEX,4800,MIN@TB 09/27/2026 04:05PM ET,TB,3.7,
WR,Jakobi Meyers (44248108),Jakobi Meyers,44248108,WR/FLEX,4800,NE@JAX 09/27/2026 01:00PM ET,JAX,8,
WR,Khalil Shakir (44248110),Khalil Shakir,44248110,WR/FLEX,4800,LAC@BUF 09/27/2026 01:00PM ET,BUF,7.9,
TE,George Kittle (44248600),George Kittle,44248600,TE/FLEX,4800,ARI@SF 09/27/2026 04:05PM ET,SF,10.6,
QB,Deshaun Watson (44247602),Deshaun Watson,44247602,QB,4700,CAR@CLE 09/27/2026 01:00PM ET,CLE,17.4,
RB,Najee Harris (44247758),Najee Harris,44247758,RB/FLEX,4700,TEN@NYG 09/27/2026 01:00PM ET,NYG,0.6,
RB,Rico Dowdle (44247760),Rico Dowdle,44247760,RB/FLEX,4700,CIN@PIT 09/27/2026 01:00PM ET,PIT,5.3,OUT
WR,Marvin Harrison Jr. (44248112),Marvin Harrison Jr.,44248112,WR/FLEX,4700,ARI@SF 09/27/2026 04:05PM ET,ARI,2.2,
WR,Michael Pittman Jr. (44248114),Michael Pittman Jr.,44248114,WR/FLEX,4700,CIN@PIT 09/27/2026 01:00PM ET,PIT,8.8,Q
WR,Rashod Bateman (44248116),Rashod Bateman,44248116,WR/FLEX,4700,BAL@DAL 09/27/2026 04:25PM ET,BAL,10.9,
TE,Isaiah Likely (44248602),Isaiah Likely,44248602,TE/FLEX,4700,TEN@NYG 09/27/2026 01:00PM ET,NYG,18.1,
QB,Carson Wentz (44247603),Carson Wentz,44247603,QB,4600,MIN@TB 09/27/2026 04:05PM ET,MIN,12.8,
RB,Blake Corum (44247762),Blake Corum,44247762,RB/FLEX,4600,LAR@DEN 09/27/2026 08:20PM ET,LAR,7.8,
RB,Jonathon Brooks (44247764),Jonathon Brooks,44247764,RB/FLEX,4600,CAR@CLE 09/27/2026 01:00PM ET,CAR,4.7,IR
RB,Chris Rodriguez Jr. (44247766),Chris Rodriguez Jr.,44247766,RB/FLEX,4600,NE@JAX 09/27/2026 01:00PM ET,JAX,1.8,
WR,Keenan Allen (44248118),Keenan Allen,44248118,WR/FLEX,4600,HOU@IND 09/27/2026 01:00PM ET,IND,5.4,
WR,Brian Thomas Jr. (44248120),Brian Thomas Jr.,44248120,WR/FLEX,4600,NE@JAX 09/27/2026 01:00PM ET,JAX,7,
TE,Dallas Goedert (44248604),Dallas Goedert,44248604,TE/FLEX,4600,PHI@CHI 09/28/2026 08:15PM ET,PHI,12.6,OUT
QB,Marcus Mariota (44247604),Marcus Mariota,44247604,QB,4500,SEA@WAS 09/27/2026 01:00PM ET,WAS,8.7,
RB,Will Shipley (44247768),Will Shipley,44247768,RB/FLEX,4500,PHI@CHI 09/28/2026 08:15PM ET,PHI,3.6,
RB,George Holani (44247770),George Holani,44247770,RB/FLEX,4500,SEA@WAS 09/27/2026 01:00PM ET,SEA,2.7,
RB,Raheim Sanders (44247772),Raheim Sanders,44247772,RB/FLEX,4500,CAR@CLE 09/27/2026 01:00PM ET,CLE,3.9,
WR,Wan'Dale Robinson (44248122),Wan'Dale Robinson,44248122,WR/FLEX,4500,TEN@NYG 09/27/2026 01:00PM ET,TEN,5.4,
WR,Kayshon Boutte (44248124),Kayshon Boutte,44248124,WR/FLEX,4500,HOU@IND 09/27/2026 01:00PM ET,HOU,4.9,
WR,Denzel Boston (44248126),Denzel Boston,44248126,WR/FLEX,4500,CAR@CLE 09/27/2026 01:00PM ET,CLE,17.2,
TE,Travis Kelce (44248606),Travis Kelce,44248606,TE/FLEX,4500,KC@MIA 09/27/2026 01:00PM ET,KC,19.1,
QB,Tyson Bagent (44247605),Tyson Bagent,44247605,QB,4400,PHI@CHI 09/28/2026 08:15PM ET,CHI,2.2,Q
QB,Joe Flacco (44247606),Joe Flacco,44247606,QB,4400,CIN@PIT 09/27/2026 01:00PM ET,CIN,0,
RB,Braelon Allen (44247774),Braelon Allen,44247774,RB/FLEX,4400,NYJ@DET 09/27/2026 01:00PM ET,NYJ,6.3,
RB,Emmett Johnson (44247776),Emmett Johnson,44247776,RB/FLEX,4400,KC@MIA 09/27/2026 01:00PM ET,KC,7.2,
RB,Ray Davis (44247778),Ray Davis,44247778,RB/FLEX,4400,LAC@BUF 09/27/2026 01:00PM ET,BUF,0.2,
RB,Demond Claiborne (44247780),Demond Claiborne,44247780,RB/FLEX,4400,MIN@TB 09/27/2026 04:05PM ET,MIN,1.2,
WR,Devaughn Vele (44248128),Devaughn Vele,44248128,WR/FLEX,4400,LV@NO 09/27/2026 04:25PM ET,NO,15.7,
WR,Malachi Fields (44248130),Malachi Fields,44248130,WR/FLEX,4400,TEN@NYG 09/27/2026 01:00PM ET,NYG,4.8,
WR,Xavier Worthy (44248132),Xavier Worthy,44248132,WR/FLEX,4400,KC@MIA 09/27/2026 01:00PM ET,KC,9.2,
TE,Mark Andrews (44248608),Mark Andrews,44248608,TE/FLEX,4400,BAL@DAL 09/27/2026 04:25PM ET,BAL,9.9,
QB,Fernando Mendoza (44247607),Fernando Mendoza,44247607,QB,4300,LV@NO 09/27/2026 04:25PM ET,LV,0,
RB,Kendre Miller (44247782),Kendre Miller,44247782,RB/FLEX,4300,LV@NO 09/27/2026 04:25PM ET,NO,9,
RB,Kaytron Allen (44247784),Kaytron Allen,44247784,RB/FLEX,4300,SEA@WAS 09/27/2026 01:00PM ET,WAS,2,
RB,Sione Vaki (44247786),Sione Vaki,44247786,RB/FLEX,4300,NYJ@DET 09/27/2026 01:00PM ET,DET,2.9,
RB,Keaton Mitchell (44247788),Keaton Mitchell,44247788,RB/FLEX,4300,LAC@BUF 09/27/2026 01:00PM ET,LAC,2.9,
WR,Makai Lemon (44248134),Makai Lemon,44248134,WR/FLEX,4300,PHI@CHI 09/28/2026 08:15PM ET,PHI,2.2,
WR,KC Concepcion Jr. (44248136),KC Concepcion Jr.,44248136,WR/FLEX,4300,CAR@CLE 09/27/2026 01:00PM ET,CLE,8.5,
WR,Adonai Mitchell (44248138),Adonai Mitchell,44248138,WR/FLEX,4300,NYJ@DET 09/27/2026 01:00PM ET,NYJ,10.7,Q
WR,Keon Coleman (44248140),Keon Coleman,44248140,WR/FLEX,4300,LAC@BUF 09/27/2026 01:00PM ET,BUF,6.7,Q
TE,Sam LaPorta (44248610),Sam LaPorta,44248610,TE/FLEX,4300,NYJ@DET 09/27/2026 01:00PM ET,DET,13.5,
QB,Shedeur Sanders (44247608),Shedeur Sanders,44247608,QB,4200,CAR@CLE 09/27/2026 01:00PM ET,CLE,0,
RB,Tyler Badie (44247790),Tyler Badie,44247790,RB/FLEX,4200,LAR@DEN 09/27/2026 08:20PM ET,DEN,4.9,
RB,Devin Singletary (44247792),Devin Singletary,44247792,RB/FLEX,4200,TEN@NYG 09/27/2026 01:00PM ET,NYG,7.4,
RB,DeeJay Dallas (44247794),DeeJay Dallas,44247794,RB/FLEX,4200,MIN@TB 09/27/2026 04:05PM ET,MIN,2.1,
RB,Justice Hill (44247796),Justice Hill,44247796,RB/FLEX,4200,BAL@DAL 09/27/2026 04:25PM ET,BAL,3.8,
RB,Emari Demercado (44247798),Emari Demercado,44247798,RB/FLEX,4200,BAL@DAL 09/27/2026 04:25PM ET,DAL,0.8,
WR,Rashid Shaheed (44248142),Rashid Shaheed,44248142,WR/FLEX,4200,SEA@WAS 09/27/2026 01:00PM ET,SEA,4.2,
WR,Mack Hollins (44248144),Mack Hollins,44248144,WR/FLEX,4200,NE@JAX 09/27/2026 01:00PM ET,NE,6.5,
WR,Malik Washington (44248146),Malik Washington,44248146,WR/FLEX,4200,KC@MIA 09/27/2026 01:00PM ET,MIA,8,
TE,Dalton Schultz (44248612),Dalton Schultz,44248612,TE/FLEX,4200,HOU@IND 09/27/2026 01:00PM ET,HOU,18.3,
QB,J.J. McCarthy (44247609),J.J. McCarthy,44247609,QB,4100,MIN@TB 09/27/2026 04:05PM ET,MIN,0,
RB,Mike Washington Jr. (44247800),Mike Washington Jr.,44247800,RB/FLEX,4100,LV@NO 09/27/2026 04:25PM ET,LV,2.4,
RB,Tyrone Tracy Jr. (44247802),Tyrone Tracy Jr.,44247802,RB/FLEX,4100,TEN@NYG 09/27/2026 01:00PM ET,NYG,0.2,
RB,Seth McGowan (44247804),Seth McGowan,44247804,RB/FLEX,4100,HOU@IND 09/27/2026 01:00PM ET,IND,0.5,
RB,Samaje Perine (44247806),Samaje Perine,44247806,RB/FLEX,4100,CIN@PIT 09/27/2026 01:00PM ET,CIN,5.6,
WR,Dontayvion Wicks (44248148),Dontayvion Wicks,44248148,WR/FLEX,4100,PHI@CHI 09/28/2026 08:15PM ET,PHI,13.9,
WR,Antonio Williams (44248150),Antonio Williams,44248150,WR/FLEX,4100,SEA@WAS 09/27/2026 01:00PM ET,WAS,10.9,
WR,Darnell Mooney (44248152),Darnell Mooney,44248152,WR/FLEX,4100,TEN@NYG 09/27/2026 01:00PM ET,NYG,5.8,
WR,Jalen McMillan (44248154),Jalen McMillan,44248154,WR/FLEX,4100,MIN@TB 09/27/2026 04:05PM ET,TB,0,
TE,Jake Ferguson (44248614),Jake Ferguson,44248614,TE/FLEX,4100,BAL@DAL 09/27/2026 04:25PM ET,DAL,11.5,
QB,Andy Dalton (44247610),Andy Dalton,44247610,QB,4000,PHI@CHI 09/28/2026 08:15PM ET,PHI,0,
QB,Tanner McKee (44247611),Tanner McKee,44247611,QB,4000,PHI@CHI 09/28/2026 08:15PM ET,PHI,0,
QB,Cole Payton (44247612),Cole Payton,44247612,QB,4000,PHI@CHI 09/28/2026 08:15PM ET,PHI,0,
QB,Case Keenum (44247613),Case Keenum,44247613,QB,4000,PHI@CHI 09/28/2026 08:15PM ET,CHI,0,
QB,Miller Moss (44247614),Miller Moss,44247614,QB,4000,PHI@CHI 09/28/2026 08:15PM ET,CHI,0,
QB,Stetson Bennett IV (44247615),Stetson Bennett IV,44247615,QB,4000,LAR@DEN 09/27/2026 08:20PM ET,LAR,1.4,
QB,Ty Simpson (44247616),Ty Simpson,44247616,QB,4000,LAR@DEN 09/27/2026 08:20PM ET,LAR,0,
QB,Matthew Caldwell (44247617),Matthew Caldwell,44247617,QB,4000,LAR@DEN 09/27/2026 08:20PM ET,LAR,0,IR
QB,Jarrett Stidham (44247618),Jarrett Stidham,44247618,QB,4000,LAR@DEN 09/27/2026 08:20PM ET,DEN,0,
QB,Sam Ehlinger (44247619),Sam Ehlinger,44247619,QB,4000,LAR@DEN 09/27/2026 08:20PM ET,DEN,0,
QB,Spencer Rattler (44247620),Spencer Rattler,44247620,QB,4000,LV@NO 09/27/2026 04:25PM ET,NO,0,
QB,Zach Wilson (44247621),Zach Wilson,44247621,QB,4000,LV@NO 09/27/2026 04:25PM ET,NO,0,
QB,Aidan O'Connell (44247622),Aidan O'Connell,44247622,QB,4000,LV@NO 09/27/2026 04:25PM ET,LV,0,OUT
QB,Mac Jones (44247623),Mac Jones,44247623,QB,4000,ARI@SF 09/27/2026 04:05PM ET,SF,-0.2,
QB,Kurtis Rourke (44247624),Kurtis Rourke,44247624,QB,4000,ARI@SF 09/27/2026 04:05PM ET,SF,0,
QB,Gardner Minshew II (44247625),Gardner Minshew II,44247625,QB,4000,ARI@SF 09/27/2026 04:05PM ET,ARI,0,
QB,Carson Beck (44247626),Carson Beck,44247626,QB,4000,ARI@SF 09/27/2026 04:05PM ET,ARI,0,
QB,Athan Kaliakmanis (44247627),Athan Kaliakmanis,44247627,QB,4000,SEA@WAS 09/27/2026 01:00PM ET,WAS,0,
QB,Sam Hartman (44247628),Sam Hartman,44247628,QB,4000,SEA@WAS 09/27/2026 01:00PM ET,WAS,0,
QB,Jalen Milroe (44247629),Jalen Milroe,44247629,QB,4000,SEA@WAS 09/27/2026 01:00PM ET,SEA,0,
QB,Jameis Winston (44247630),Jameis Winston,44247630,QB,4000,TEN@NYG 09/27/2026 01:00PM ET,NYG,3.5,
QB,Jake Haener (44247631),Jake Haener,44247631,QB,4000,TEN@NYG 09/27/2026 01:00PM ET,NYG,0,
QB,Mitchell Trubisky (44247632),Mitchell Trubisky,44247632,QB,4000,TEN@NYG 09/27/2026 01:00PM ET,TEN,0,
QB,Hendon Hooker (44247633),Hendon Hooker,44247633,QB,4000,TEN@NYG 09/27/2026 01:00PM ET,TEN,0,
QB,Anthony Richardson Sr. (44247634),Anthony Richardson Sr.,44247634,QB,4000,HOU@IND 09/27/2026 01:00PM ET,IND,0,
QB,Riley Leonard (44247635),Riley Leonard,44247635,QB,4000,HOU@IND 09/27/2026 01:00PM ET,IND,0,
QB,Davis Mills (44247636),Davis Mills,44247636,QB,4000,HOU@IND 09/27/2026 01:00PM ET,HOU,0,
QB,Graham Mertz (44247637),Graham Mertz,44247637,QB,4000,HOU@IND 09/27/2026 01:00PM ET,HOU,0,IR
QB,Kenny Pickett (44247638),Kenny Pickett,44247638,QB,4000,CAR@CLE 09/27/2026 01:00PM ET,CAR,1,
QB,Haynes King (44247639),Haynes King,44247639,QB,4000,CAR@CLE 09/27/2026 01:00PM ET,CAR,0,
QB,Taylen Green (44247640),Taylen Green,44247640,QB,4000,CAR@CLE 09/27/2026 01:00PM ET,CLE,0,
QB,Dillon Gabriel (44247641),Dillon Gabriel,44247641,QB,4000,CAR@CLE 09/27/2026 01:00PM ET,CLE,0,IR
QB,Mason Rudolph (44247642),Mason Rudolph,44247642,QB,4000,CIN@PIT 09/27/2026 01:00PM ET,PIT,0.3,
QB,Will Howard (44247643),Will Howard,44247643,QB,4000,CIN@PIT 09/27/2026 01:00PM ET,PIT,0,
QB,Drew Allar (44247644),Drew Allar,44247644,QB,4000,CIN@PIT 09/27/2026 01:00PM ET,PIT,0,
QB,Sean Clifford (44247645),Sean Clifford,44247645,QB,4000,CIN@PIT 09/27/2026 01:00PM ET,CIN,0,
QB,Josh Johnson (44247646),Josh Johnson,44247646,QB,4000,CIN@PIT 09/27/2026 01:00PM ET,CIN,0,
QB,Cade Klubnik (44247647),Cade Klubnik,44247647,QB,4000,NYJ@DET 09/27/2026 01:00PM ET,NYJ,0,
QB,Bailey Zappe (44247648),Bailey Zappe,44247648,QB,4000,NYJ@DET 09/27/2026 01:00PM ET,NYJ,0,
QB,Joshua Dobbs (44247649),Joshua Dobbs,44247649,QB,4000,NYJ@DET 09/27/2026 01:00PM ET,DET,0,
QB,Luke Altmyer (44247650),Luke Altmyer,44247650,QB,4000,NYJ@DET 09/27/2026 01:00PM ET,DET,0,
QB,Quinn Ewers (44247651),Quinn Ewers,44247651,QB,4000,NE@JAX 09/27/2026 01:00PM ET,JAX,0,
QB,Nick Mullens (44247652),Nick Mullens,44247652,QB,4000,NE@JAX 09/27/2026 01:00PM ET,JAX,-0.3,
QB,Joey Aguilar (44247653),Joey Aguilar,44247653,QB,4000,NE@JAX 09/27/2026 01:00PM ET,JAX,0,
QB,Tommy DeVito (44247654),Tommy DeVito,44247654,QB,4000,NE@JAX 09/27/2026 01:00PM ET,NE,0,
QB,Behren Morton (44247655),Behren Morton,44247655,QB,4000,NE@JAX 09/27/2026 01:00PM ET,NE,0,
QB,Kyle McCord (44247656),Kyle McCord,44247656,QB,4000,KC@MIA 09/27/2026 01:00PM ET,MIA,0,
QB,Brady Cook (44247657),Brady Cook,44247657,QB,4000,KC@MIA 09/27/2026 01:00PM ET,MIA,0,
QB,Justin Fields (44247658),Justin Fields,44247658,QB,4000,KC@MIA 09/27/2026 01:00PM ET,KC,0,
QB,Garrett Nussmeier (44247659),Garrett Nussmeier,44247659,QB,4000,KC@MIA 09/27/2026 01:00PM ET,KC,0,
QB,Trey Lance (44247660),Trey Lance,44247660,QB,4000,LAC@BUF 09/27/2026 01:00PM ET,LAC,0,Q
QB,DJ Uiagalelei (44247661),DJ Uiagalelei,44247661,QB,4000,LAC@BUF 09/27/2026 01:00PM ET,LAC,0,
QB,Kyle Allen (44247662),Kyle Allen,44247662,QB,4000,LAC@BUF 09/27/2026 01:00PM ET,BUF,0,
QB,Shane Buechele (44247663),Shane Buechele,44247663,QB,4000,LAC@BUF 09/27/2026 01:00PM ET,BUF,0,
QB,Jalon Daniels (44247664),Jalon Daniels,44247664,QB,4000,MIN@TB 09/27/2026 04:05PM ET,TB,0,
QB,Easton Stick (44247665),Easton Stick,44247665,QB,4000,MIN@TB 09/27/2026 04:05PM ET,TB,0,
QB,Max Brosmer (44247666),Max Brosmer,44247666,QB,4000,MIN@TB 09/27/2026 04:05PM ET,MIN,0,
QB,Tyler Huntley (44247667),Tyler Huntley,44247667,QB,4000,BAL@DAL 09/27/2026 04:25PM ET,BAL,0,
QB,Joe Fagnano (44247668),Joe Fagnano,44247668,QB,4000,BAL@DAL 09/27/2026 04:25PM ET,BAL,0,
QB,Skylar Thompson (44247669),Skylar Thompson,44247669,QB,4000,BAL@DAL 09/27/2026 04:25PM ET,BAL,0,IR
QB,Sam Howell (44247670),Sam Howell,44247670,QB,4000,BAL@DAL 09/27/2026 04:25PM ET,DAL,0,
QB,Joe Milton III (44247671),Joe Milton III,44247671,QB,4000,BAL@DAL 09/27/2026 04:25PM ET,DAL,0,
RB,Jaydon Blue (44247808),Jaydon Blue,44247808,RB/FLEX,4000,PHI@CHI 09/28/2026 08:15PM ET,PHI,0,
RB,Dameon Pierce (44247810),Dameon Pierce,44247810,RB/FLEX,4000,PHI@CHI 09/28/2026 08:15PM ET,PHI,0,
RB,Carson Steele (44247812),Carson Steele,44247812,RB/FLEX,4000,PHI@CHI 09/28/2026 08:15PM ET,PHI,0,
RB,Roschon Johnson (44247814),Roschon Johnson,44247814,RB/FLEX,4000,PHI@CHI 09/28/2026 08:15PM ET,CHI,0,
RB,Brittain Brown (44247816),Brittain Brown,44247816,RB/FLEX,4000,PHI@CHI 09/28/2026 08:15PM ET,CHI,0,IR
RB,Zavier Scott (44247818),Zavier Scott,44247818,RB/FLEX,4000,PHI@CHI 09/28/2026 08:15PM ET,CHI,0,
RB,Salvon Ahmed (44247820),Salvon Ahmed,44247820,RB/FLEX,4000,PHI@CHI 09/28/2026 08:15PM ET,CHI,0,
RB,Ronnie Rivers (44247822),Ronnie Rivers,44247822,RB/FLEX,4000,LAR@DEN 09/27/2026 08:20PM ET,LAR,1.7,IR
RB,Dean Connors (44247824),Dean Connors,44247824,RB/FLEX,4000,LAR@DEN 09/27/2026 08:20PM ET,LAR,0,
RB,Jordan Waters (44247826),Jordan Waters,44247826,RB/FLEX,4000,LAR@DEN 09/27/2026 08:20PM ET,LAR,0,
RB,Adam Prentice (44247828),Adam Prentice,44247828,RB/FLEX,4000,LAR@DEN 09/27/2026 08:20PM ET,DEN,0.6,
RB,Cody Schrader (44247830),Cody Schrader,44247830,RB/FLEX,4000,LAR@DEN 09/27/2026 08:20PM ET,DEN,0,
RB,CJ Donaldson (44247832),CJ Donaldson,44247832,RB/FLEX,4000,LV@NO 09/27/2026 04:25PM ET,NO,0.7,
RB,Audric Estime (44247834),Audric Estime,44247834,RB/FLEX,4000,LV@NO 09/27/2026 04:25PM ET,NO,0,Q
RB,Ty Chandler (44247836),Ty Chandler,44247836,RB/FLEX,4000,LV@NO 09/27/2026 04:25PM ET,NO,0,IR
RB,Zamir White (44247838),Zamir White,44247838,RB/FLEX,4000,LV@NO 09/27/2026 04:25PM ET,NO,0,
RB,Dylan Laube (44247840),Dylan Laube,44247840,RB/FLEX,4000,LV@NO 09/27/2026 04:25PM ET,LV,0,
RB,Chris Collier (44247842),Chris Collier,44247842,RB/FLEX,4000,LV@NO 09/27/2026 04:25PM ET,LV,0,IR
RB,Roman Hemby (44247844),Roman Hemby,44247844,RB/FLEX,4000,LV@NO 09/27/2026 04:25PM ET,LV,0,
RB,Connor Heyward (44247846),Connor Heyward,44247846,RB/FLEX,4000,LV@NO 09/27/2026 04:25PM ET,LV,0.1,
RB,Dare Ogunbowale (44247848),Dare Ogunbowale,44247848,RB/FLEX,4000,LV@NO 09/27/2026 04:25PM ET,LV,0,
RB,Jordan James (44247850),Jordan James,44247850,RB/FLEX,4000,ARI@SF 09/27/2026 04:05PM ET,SF,1.5,
RB,Isaac Guerendo (44247852),Isaac Guerendo,44247852,RB/FLEX,4000,ARI@SF 09/27/2026 04:05PM ET,SF,0,OUT
RB,Kyle Juszczyk (44247854),Kyle Juszczyk,44247854,RB/FLEX,4000,ARI@SF 09/27/2026 04:05PM ET,SF,5.4,
RB,Sincere McCormick (44247856),Sincere McCormick,44247856,RB/FLEX,4000,ARI@SF 09/27/2026 04:05PM ET,SF,0,
RB,Bam Knight (44247858),Bam Knight,44247858,RB/FLEX,4000,ARI@SF 09/27/2026 04:05PM ET,ARI,1.2,
RB,James Conner (44247860),James Conner,44247860,RB/FLEX,4000,ARI@SF 09/27/2026 04:05PM ET,ARI,0,IR
RB,Trey Benson (44247862),Trey Benson,44247862,RB/FLEX,4000,ARI@SF 09/27/2026 04:05PM ET,ARI,0,IR
RB,Evan Hull (44247864),Evan Hull,44247864,RB/FLEX,4000,ARI@SF 09/27/2026 04:05PM ET,ARI,0,
RB,Jeremy McNichols (44247866),Jeremy McNichols,44247866,RB/FLEX,4000,SEA@WAS 09/27/2026 01:00PM ET,WAS,0,IR
RB,Craig Reynolds (44247868),Craig Reynolds,44247868,RB/FLEX,4000,SEA@WAS 09/27/2026 01:00PM ET,WAS,0,
RB,Robert Henry Jr. (44247870),Robert Henry Jr.,44247870,RB/FLEX,4000,SEA@WAS 09/27/2026 01:00PM ET,WAS,0,
RB,Zach Charbonnet (44247872),Zach Charbonnet,44247872,RB/FLEX,4000,SEA@WAS 09/27/2026 01:00PM ET,SEA,0,OUT
RB,Robbie Ouzts (44247874),Robbie Ouzts,44247874,RB/FLEX,4000,SEA@WAS 09/27/2026 01:00PM ET,SEA,0,IR
RB,Velus Jones Jr. (44247876),Velus Jones Jr.,44247876,RB/FLEX,4000,SEA@WAS 09/27/2026 01:00PM ET,SEA,0,
RB,Brady Russell (44247878),Brady Russell,44247878,RB/FLEX,4000,SEA@WAS 09/27/2026 01:00PM ET,SEA,2,
RB,Jacardia Wright (44247880),Jacardia Wright,44247880,RB/FLEX,4000,SEA@WAS 09/27/2026 01:00PM ET,SEA,0,
RB,Patrick Ricard (44247882),Patrick Ricard,44247882,RB/FLEX,4000,TEN@NYG 09/27/2026 01:00PM ET,NYG,0,
RB,Phil Mafah (44247884),Phil Mafah,44247884,RB/FLEX,4000,TEN@NYG 09/27/2026 01:00PM ET,NYG,0,
RB,Grant Finley (44247886),Grant Finley,44247886,RB/FLEX,4000,TEN@NYG 09/27/2026 01:00PM ET,NYG,0,
RB,Julius Chestnut (44247888),Julius Chestnut,44247888,RB/FLEX,4000,TEN@NYG 09/27/2026 01:00PM ET,TEN,0,
RB,Nick Singleton (44247890),Nick Singleton,44247890,RB/FLEX,4000,TEN@NYG 09/27/2026 01:00PM ET,TEN,1,
RB,Michael Carter (44247892),Michael Carter,44247892,RB/FLEX,4000,TEN@NYG 09/27/2026 01:00PM ET,TEN,0,
RB,Kalel Mullings (44247894),Kalel Mullings,44247894,RB/FLEX,4000,TEN@NYG 09/27/2026 01:00PM ET,TEN,0,
RB,DJ Giddens (44247896),DJ Giddens,44247896,RB/FLEX,4000,HOU@IND 09/27/2026 01:00PM ET,IND,0,
RB,Davon Booth (44247898),Davon Booth,44247898,RB/FLEX,4000,HOU@IND 09/27/2026 01:00PM ET,IND,0,
RB,Anderson Castle (44247900),Anderson Castle,44247900,RB/FLEX,4000,HOU@IND 09/27/2026 01:00PM ET,IND,0,
RB,British Brooks (44247902),British Brooks,44247902,RB/FLEX,4000,HOU@IND 09/27/2026 01:00PM ET,HOU,0,
RB,Noah Whittington (44247904),Noah Whittington,44247904,RB/FLEX,4000,HOU@IND 09/27/2026 01:00PM ET,HOU,0,
RB,Jawhar Jordan (44247906),Jawhar Jordan,44247906,RB/FLEX,4000,HOU@IND 09/27/2026 01:00PM ET,HOU,0,
RB,AJ Dillon (44247908),AJ Dillon,44247908,RB/FLEX,4000,CAR@CLE 09/27/2026 01:00PM ET,CAR,1.3,
RB,Trevor Etienne (44247910),Trevor Etienne,44247910,RB/FLEX,4000,CAR@CLE 09/27/2026 01:00PM ET,CAR,0,IR
RB,Ahmani Marshall (44247912),Ahmani Marshall,44247912,RB/FLEX,4000,CAR@CLE 09/27/2026 01:00PM ET,CAR,0,
RB,Anthony Tyus III (44247914),Anthony Tyus III,44247914,RB/FLEX,4000,CAR@CLE 09/27/2026 01:00PM ET,CAR,0,
RB,Jaleel McLaughlin (44247916),Jaleel McLaughlin,44247916,RB/FLEX,4000,CAR@CLE 09/27/2026 01:00PM ET,CLE,0.3,
RB,Dylan Sampson (44247918),Dylan Sampson,44247918,RB/FLEX,4000,CAR@CLE 09/27/2026 01:00PM ET,CLE,0,IR
RB,Eric Gray (44247920),Eric Gray,44247920,RB/FLEX,4000,CAR@CLE 09/27/2026 01:00PM ET,CLE,0,
RB,Michael Burton (44247922),Michael Burton,44247922,RB/FLEX,4000,CAR@CLE 09/27/2026 01:00PM ET,CLE,0,
RB,Eli Heidenreich (44247924),Eli Heidenreich,44247924,RB/FLEX,4000,CIN@PIT 09/27/2026 01:00PM ET,PIT,0,
RB,Lew Nichols (44247926),Lew Nichols,44247926,RB/FLEX,4000,CIN@PIT 09/27/2026 01:00PM ET,PIT,0,
RB,Riley Nowakowski (44247928),Riley Nowakowski,44247928,RB/FLEX,4000,CIN@PIT 09/27/2026 01:00PM ET,PIT,0,
RB,Travis Homer (44247930),Travis Homer,44247930,RB/FLEX,4000,CIN@PIT 09/27/2026 01:00PM ET,PIT,1.6,
RB,Tahj Brooks (44247932),Tahj Brooks,44247932,RB/FLEX,4000,CIN@PIT 09/27/2026 01:00PM ET,CIN,0,
RB,Kentrel Bullock (44247934),Kentrel Bullock,44247934,RB/FLEX,4000,CIN@PIT 09/27/2026 01:00PM ET,CIN,0,
RB,Kendall Milton (44247936),Kendall Milton,44247936,RB/FLEX,4000,CIN@PIT 09/27/2026 01:00PM ET,CIN,0,
RB,Isaiah Davis (44247938),Isaiah Davis,44247938,RB/FLEX,4000,NYJ@DET 09/27/2026 01:00PM ET,NYJ,0,
RB,Andrew Beck (44247940),Andrew Beck,44247940,RB/FLEX,4000,NYJ@DET 09/27/2026 01:00PM ET,NYJ,0,
RB,Kene Nwangwu (44247942),Kene Nwangwu,44247942,RB/FLEX,4000,NYJ@DET 09/27/2026 01:00PM ET,NYJ,0,OUT
RB,Chip Trayanum (44247944),Chip Trayanum,44247944,RB/FLEX,4000,NYJ@DET 09/27/2026 01:00PM ET,NYJ,0,IR
RB,Al-Jay Henderson (44247946),Al-Jay Henderson,44247946,RB/FLEX,4000,NYJ@DET 09/27/2026 01:00PM ET,NYJ,0,
RB,Jacob Saylors (44247948),Jacob Saylors,44247948,RB/FLEX,4000,NYJ@DET 09/27/2026 01:00PM ET,DET,0,
RB,Isiah Pacheco (44247950),Isiah Pacheco,44247950,RB/FLEX,4000,NYJ@DET 09/27/2026 01:00PM ET,DET,0,IR
RB,Jabari Small (44247952),Jabari Small,44247952,RB/FLEX,4000,NYJ@DET 09/27/2026 01:00PM ET,DET,0,
RB,LeQuint Allen Jr. (44247954),LeQuint Allen Jr.,44247954,RB/FLEX,4000,NE@JAX 09/27/2026 01:00PM ET,JAX,0,
RB,Ameer Abdullah (44247956),Ameer Abdullah,44247956,RB/FLEX,4000,NE@JAX 09/27/2026 01:00PM ET,JAX,3.3,
RB,J'Mari Taylor (44247958),J'Mari Taylor,44247958,RB/FLEX,4000,NE@JAX 09/27/2026 01:00PM ET,JAX,0,
RB,Corey Kiner (44247960),Corey Kiner,44247960,RB/FLEX,4000,NE@JAX 09/27/2026 01:00PM ET,NE,0.6,
RB,Myles Montgomery (44247962),Myles Montgomery,44247962,RB/FLEX,4000,NE@JAX 09/27/2026 01:00PM ET,NE,0,IR
RB,Lan Larison (44247964),Lan Larison,44247964,RB/FLEX,4000,NE@JAX 09/27/2026 01:00PM ET,NE,2.9,
RB,Reggie Gilliam (44247966),Reggie Gilliam,44247966,RB/FLEX,4000,NE@JAX 09/27/2026 01:00PM ET,NE,0.7,
RB,Jaylen Wright (44247968),Jaylen Wright,44247968,RB/FLEX,4000,KC@MIA 09/27/2026 01:00PM ET,MIA,0.5,D
RB,Ollie Gordon II (44247970),Ollie Gordon II,44247970,RB/FLEX,4000,KC@MIA 09/27/2026 01:00PM ET,MIA,0.4,
RB,DJ Herman (44247972),DJ Herman,44247972,RB/FLEX,4000,KC@MIA 09/27/2026 01:00PM ET,MIA,1.4,
RB,Carlos Washington Jr. (44247974),Carlos Washington Jr.,44247974,RB/FLEX,4000,KC@MIA 09/27/2026 01:00PM ET,MIA,0,
RB,Jarquez Hunter (44247976),Jarquez Hunter,44247976,RB/FLEX,4000,KC@MIA 09/27/2026 01:00PM ET,MIA,0,
RB,Brashard Smith (44247978),Brashard Smith,44247978,RB/FLEX,4000,KC@MIA 09/27/2026 01:00PM ET,KC,0,
RB,Nate Carter (44247980),Nate Carter,44247980,RB/FLEX,4000,KC@MIA 09/27/2026 01:00PM ET,KC,0,
RB,Ben VanSumeren (44247982),Ben VanSumeren,44247982,RB/FLEX,4000,KC@MIA 09/27/2026 01:00PM ET,KC,0,
RB,Jaydn Ott (44247984),Jaydn Ott,44247984,RB/FLEX,4000,KC@MIA 09/27/2026 01:00PM ET,KC,0,
RB,Kimani Vidal (44247986),Kimani Vidal,44247986,RB/FLEX,4000,LAC@BUF 09/27/2026 01:00PM ET,LAC,0,
RB,Amar Johnson (44247988),Amar Johnson,44247988,RB/FLEX,4000,LAC@BUF 09/27/2026 01:00PM ET,LAC,0,
RB,Gregory Desrosiers (44247990),Gregory Desrosiers,44247990,RB/FLEX,4000,LAC@BUF 09/27/2026 01:00PM ET,LAC,0,
RB,Scott Matlock (44247992),Scott Matlock,44247992,RB/FLEX,4000,LAC@BUF 09/27/2026 01:00PM ET,LAC,0,IR
RB,Alec Ingold (44247994),Alec Ingold,44247994,RB/FLEX,4000,LAC@BUF 09/27/2026 01:00PM ET,LAC,0,
RB,Ty Johnson (44247996),Ty Johnson,44247996,RB/FLEX,4000,LAC@BUF 09/27/2026 01:00PM ET,BUF,0,
RB,Brock Lampe (44247998),Brock Lampe,44247998,RB/FLEX,4000,LAC@BUF 09/27/2026 01:00PM ET,BUF,0,
RB,Frank Gore Jr. (44248000),Frank Gore Jr.,44248000,RB/FLEX,4000,LAC@BUF 09/27/2026 01:00PM ET,BUF,0.2,
RB,Sean Tucker (44248002),Sean Tucker,44248002,RB/FLEX,4000,MIN@TB 09/27/2026 04:05PM ET,TB,0,
RB,Josh Williams (44248004),Josh Williams,44248004,RB/FLEX,4000,MIN@TB 09/27/2026 04:05PM ET,TB,0,
RB,Jordan Mason (44248006),Jordan Mason,44248006,RB/FLEX,4000,MIN@TB 09/27/2026 04:05PM ET,MIN,11.9,IR
RB,Max Bredeson (44248008),Max Bredeson,44248008,RB/FLEX,4000,MIN@TB 09/27/2026 04:05PM ET,MIN,0,
RB,Jerome Ford (44248010),Jerome Ford,44248010,RB/FLEX,4000,MIN@TB 09/27/2026 04:05PM ET,MIN,0,
RB,Rasheen Ali (44248012),Rasheen Ali,44248012,RB/FLEX,4000,BAL@DAL 09/27/2026 04:25PM ET,BAL,0,
RB,Adam Randall (44248014),Adam Randall,44248014,RB/FLEX,4000,BAL@DAL 09/27/2026 04:25PM ET,BAL,0,IR
RB,Jonathan Ward (44248016),Jonathan Ward,44248016,RB/FLEX,4000,BAL@DAL 09/27/2026 04:25PM ET,BAL,0,
RB,Tyler Goodson (44248018),Tyler Goodson,44248018,RB/FLEX,4000,BAL@DAL 09/27/2026 04:25PM ET,DAL,0,
RB,Malik Davis (44248020),Malik Davis,44248020,RB/FLEX,4000,BAL@DAL 09/27/2026 04:25PM ET,DAL,0,IR
RB,Hunter Luepke (44248022),Hunter Luepke,44248022,RB/FLEX,4000,BAL@DAL 09/27/2026 04:25PM ET,DAL,0.4,
RB,Israel Abanikanda (44248024),Israel Abanikanda,44248024,RB/FLEX,4000,BAL@DAL 09/27/2026 04:25PM ET,DAL,0,
WR,Pat Bryant (44248156),Pat Bryant,44248156,WR/FLEX,4000,LAR@DEN 09/27/2026 08:20PM ET,DEN,4.9,
WR,Cooper Kupp (44248158),Cooper Kupp,44248158,WR/FLEX,4000,SEA@WAS 09/27/2026 01:00PM ET,SEA,4.8,
WR,Calvin Ridley (44248160),Calvin Ridley,44248160,WR/FLEX,4000,TEN@NYG 09/27/2026 01:00PM ET,TEN,2.8,
WR,Xavier Hutchinson (44248162),Xavier Hutchinson,44248162,WR/FLEX,4000,HOU@IND 09/27/2026 01:00PM ET,HOU,6.5,
TE,Harold Fannin Jr. (44248616),Harold Fannin Jr.,44248616,TE/FLEX,4000,CAR@CLE 09/27/2026 01:00PM ET,CLE,7.3,
QB,Will Levis (44270343),Will Levis,44270343,QB,4000,NYJ@DET 09/27/2026 01:00PM ET,NYJ,0,
RB,Jaret Patterson (44284127),Jaret Patterson,44284127,RB/FLEX,4000,MIN@TB 09/27/2026 04:05PM ET,MIN,0,
WR,Germie Bernard (44248164),Germie Bernard,44248164,WR/FLEX,3900,CIN@PIT 09/27/2026 01:00PM ET,PIT,3.8,
WR,Caleb Douglas (44248166),Caleb Douglas,44248166,WR/FLEX,3900,KC@MIA 09/27/2026 01:00PM ET,MIA,9.2,OUT
WR,Tre' Harris (44248168),Tre' Harris,44248168,WR/FLEX,3900,LAC@BUF 09/27/2026 01:00PM ET,LAC,5.7,
TE,Hunter Henry (44248618),Hunter Henry,44248618,TE/FLEX,3900,NE@JAX 09/27/2026 01:00PM ET,NE,6.3,
WR,Kalif Raymond (44248170),Kalif Raymond,44248170,WR/FLEX,3800,PHI@CHI 09/28/2026 08:15PM ET,CHI,12.7,
WR,Demarcus Robinson (44248172),Demarcus Robinson,44248172,WR/FLEX,3800,ARI@SF 09/27/2026 04:05PM ET,SF,9.7,OUT
WR,Jerry Jeudy (44248174),Jerry Jeudy,44248174,WR/FLEX,3800,CAR@CLE 09/27/2026 01:00PM ET,CLE,2.3,
WR,Ryan Flournoy (44248176),Ryan Flournoy,44248176,WR/FLEX,3800,BAL@DAL 09/27/2026 04:25PM ET,DAL,5.8,
TE,Pat Freiermuth (44248620),Pat Freiermuth,44248620,TE/FLEX,3800,CIN@PIT 09/27/2026 01:00PM ET,PIT,11.5,
DST,Seahawks (44248938),Seahawks,44248938,DST,3800,SEA@WAS 09/27/2026 01:00PM ET,SEA,10.5,
WR,Tutu Atwell (44248178),Tutu Atwell,44248178,WR/FLEX,3700,LAR@DEN 09/27/2026 08:20PM ET,LAR,2.9,
WR,Marvin Mims Jr. (44248180),Marvin Mims Jr.,44248180,WR/FLEX,3700,LAR@DEN 09/27/2026 08:20PM ET,DEN,0,Q
WR,Jalen Nailor (44248182),Jalen Nailor,44248182,WR/FLEX,3700,LV@NO 09/27/2026 04:25PM ET,LV,3.8,
WR,Kendrick Bourne (44248184),Kendrick Bourne,44248184,WR/FLEX,3700,ARI@SF 09/27/2026 04:05PM ET,ARI,9.3,
WR,DeMario Douglas (44248186),DeMario Douglas,44248186,WR/FLEX,3700,NE@JAX 09/27/2026 01:00PM ET,NE,4.5,
TE,Juwan Johnson (44248622),Juwan Johnson,44248622,TE/FLEX,3700,LV@NO 09/27/2026 04:25PM ET,NO,12.5,
DST,Chiefs (44248939),Chiefs,44248939,DST,3700,KC@MIA 09/27/2026 01:00PM ET,KC,6.5,
WR,Jaylin Noel (44248188),Jaylin Noel,44248188,WR/FLEX,3600,HOU@IND 09/27/2026 01:00PM ET,HOU,6.4,
WR,Cyrus Allen (44248190),Cyrus Allen,44248190,WR/FLEX,3600,KC@MIA 09/27/2026 01:00PM ET,KC,0,
WR,Jauan Jennings (44248192),Jauan Jennings,44248192,WR/FLEX,3600,MIN@TB 09/27/2026 04:05PM ET,MIN,0,
TE,Chig Okonkwo (44248624),Chig Okonkwo,44248624,TE/FLEX,3600,SEA@WAS 09/27/2026 01:00PM ET,WAS,3.6,OUT
DST,49ers (44248940),49ers,44248940,DST,3600,ARI@SF 09/27/2026 04:05PM ET,SF,8,
WR,Troy Franklin (44248194),Troy Franklin,44248194,WR/FLEX,3500,LAR@DEN 09/27/2026 08:20PM ET,DEN,2.1,
WR,Jack Bech (44248196),Jack Bech,44248196,WR/FLEX,3500,LV@NO 09/27/2026 04:25PM ET,LV,7.9,
WR,Xavier Legette (44248198),Xavier Legette,44248198,WR/FLEX,3500,CAR@CLE 09/27/2026 01:00PM ET,CAR,4.2,Q
WR,Joshua Palmer (44248200),Joshua Palmer,44248200,WR/FLEX,3500,LAC@BUF 09/27/2026 01:00PM ET,BUF,10.9,
WR,Devontez Walker (44248202),Devontez Walker,44248202,WR/FLEX,3500,BAL@DAL 09/27/2026 04:25PM ET,BAL,5.7,
TE,Kenyon Sadiq (44248626),Kenyon Sadiq,44248626,TE/FLEX,3500,NYJ@DET 09/27/2026 01:00PM ET,NYJ,7.6,
TE,Oronde Gadsden II (44248628),Oronde Gadsden II,44248628,TE/FLEX,3500,LAC@BUF 09/27/2026 01:00PM ET,LAC,7.5,
DST,Lions (44248941),Lions,44248941,DST,3500,NYJ@DET 09/27/2026 01:00PM ET,DET,4,
WR,Darius Slayton (44270344),Darius Slayton,44270344,WR/FLEX,3500,HOU@IND 09/27/2026 01:00PM ET,IND,0,
WR,Brandin Cooks (44270346),Brandin Cooks,44270346,WR/FLEX,3500,ARI@SF 09/27/2026 04:05PM ET,SF,0,
WR,Roman Wilson (44248204),Roman Wilson,44248204,WR/FLEX,3400,CIN@PIT 09/27/2026 01:00PM ET,PIT,6.7,
WR,Isaac TeSlaa (44248206),Isaac TeSlaa,44248206,WR/FLEX,3400,NYJ@DET 09/27/2026 01:00PM ET,DET,2.3,
WR,Kyle Williams (44248208),Kyle Williams,44248208,WR/FLEX,3400,NE@JAX 09/27/2026 01:00PM ET,NE,1,
WR,Chris Bell (44248210),Chris Bell,44248210,WR/FLEX,3400,KC@MIA 09/27/2026 01:00PM ET,MIA,1.8,
WR,Elijah Sarratt (44248212),Elijah Sarratt,44248212,WR/FLEX,3400,BAL@DAL 09/27/2026 04:25PM ET,BAL,0,
TE,Darren Waller (44248630),Darren Waller,44248630,TE/FLEX,3400,CAR@CLE 09/27/2026 01:00PM ET,CAR,11.6,
TE,Brenton Strange (44248632),Brenton Strange,44248632,TE/FLEX,3400,NE@JAX 09/27/2026 01:00PM ET,JAX,7,
DST,Giants (44248942),Giants,44248942,DST,3400,TEN@NYG 09/27/2026 01:00PM ET,NYG,3.5,
WR,Hollywood Brown (44248214),Hollywood Brown,44248214,WR/FLEX,3300,PHI@CHI 09/28/2026 08:15PM ET,PHI,1.2,OUT
WR,Jahdae Walker (44248216),Jahdae Walker,44248216,WR/FLEX,3300,PHI@CHI 09/28/2026 08:15PM ET,CHI,3.6,
WR,Jacob Cowing (44248218),Jacob Cowing,44248218,WR/FLEX,3300,ARI@SF 09/27/2026 04:05PM ET,SF,0,
WR,Odell Beckham Jr. (44248220),Odell Beckham Jr.,44248220,WR/FLEX,3300,TEN@NYG 09/27/2026 01:00PM ET,NYG,0,
WR,Elic Ayomanor (44248222),Elic Ayomanor,44248222,WR/FLEX,3300,TEN@NYG 09/27/2026 01:00PM ET,TEN,8.5,
WR,Deion Burks (44248224),Deion Burks,44248224,WR/FLEX,3300,HOU@IND 09/27/2026 01:00PM ET,IND,0.7,
WR,Isaiah Williams (44248226),Isaiah Williams,44248226,WR/FLEX,3300,NYJ@DET 09/27/2026 01:00PM ET,NYJ,6.3,
WR,Tyquan Thornton (44248228),Tyquan Thornton,44248228,WR/FLEX,3300,KC@MIA 09/27/2026 01:00PM ET,KC,6.3,
TE,Michael Mayer (44248634),Michael Mayer,44248634,TE/FLEX,3300,LV@NO 09/27/2026 04:25PM ET,LV,7.3,
TE,Mike Gesicki (44248636),Mike Gesicki,44248636,TE/FLEX,3300,CIN@PIT 09/27/2026 01:00PM ET,CIN,9.4,
DST,Saints (44248943),Saints,44248943,DST,3300,LV@NO 09/27/2026 04:25PM ET,NO,5,
WR,Jordan Whittington (44248230),Jordan Whittington,44248230,WR/FLEX,3200,LAR@DEN 09/27/2026 08:20PM ET,LAR,1.8,
WR,Cody White (44248232),Cody White,44248232,WR/FLEX,3200,LV@NO 09/27/2026 04:25PM ET,LV,8.2,
WR,Dyami Brown (44248234),Dyami Brown,44248234,WR/FLEX,3200,SEA@WAS 09/27/2026 01:00PM ET,WAS,2.6,
WR,Ashton Dulin (44248236),Ashton Dulin,44248236,WR/FLEX,3200,HOU@IND 09/27/2026 01:00PM ET,IND,0,OUT
WR,Ryan Miller (44248238),Ryan Miller,44248238,WR/FLEX,3200,KC@MIA 09/27/2026 01:00PM ET,MIA,7.4,Q
TE,Colby Parkinson (44248638),Colby Parkinson,44248638,TE/FLEX,3200,LAR@DEN 09/27/2026 08:20PM ET,LAR,2.6,Q
TE,Noah Fant (44248640),Noah Fant,44248640,TE/FLEX,3200,LV@NO 09/27/2026 04:25PM ET,NO,6.7,
TE,T.J. Hockenson (44248642),T.J. Hockenson,44248642,TE/FLEX,3200,MIN@TB 09/27/2026 04:05PM ET,MIN,9.8,
DST,Eagles (44248944),Eagles,44248944,DST,3200,PHI@CHI 09/28/2026 08:15PM ET,PHI,3,
DST,Texans (44248945),Texans,44248945,DST,3200,HOU@IND 09/27/2026 01:00PM ET,HOU,2,
WR,Darius Cooper (44248240),Darius Cooper,44248240,WR/FLEX,3100,PHI@CHI 09/28/2026 08:15PM ET,PHI,5.3,
WR,Jordan Watkins (44248242),Jordan Watkins,44248242,WR/FLEX,3100,ARI@SF 09/27/2026 04:05PM ET,SF,0,
WR,Laquon Treadwell (44248244),Laquon Treadwell,44248244,WR/FLEX,3100,HOU@IND 09/27/2026 01:00PM ET,IND,4.6,
WR,Jared Wayne (44248246),Jared Wayne,44248246,WR/FLEX,3100,HOU@IND 09/27/2026 01:00PM ET,HOU,3.8,
WR,Travis Hunter (44248248),Travis Hunter,44248248,WR/FLEX,3100,NE@JAX 09/27/2026 01:00PM ET,JAX,1.1,
WR,Chris Moore (44248250),Chris Moore,44248250,WR/FLEX,3100,BAL@DAL 09/27/2026 04:25PM ET,BAL,4,
TE,Evan Engram (44248644),Evan Engram,44248644,TE/FLEX,3100,LAR@DEN 09/27/2026 08:20PM ET,DEN,8.5,
TE,AJ Barner (44248646),AJ Barner,44248646,TE/FLEX,3100,SEA@WAS 09/27/2026 01:00PM ET,SEA,5.6,
TE,Cade Otton (44248648),Cade Otton,44248648,TE/FLEX,3100,MIN@TB 09/27/2026 04:05PM ET,TB,7.2,
DST,Rams (44248946),Rams,44248946,DST,3100,LAR@DEN 09/27/2026 08:20PM ET,LAR,6.5,
DST,Vikings (44248947),Vikings,44248947,DST,3100,MIN@TB 09/27/2026 04:05PM ET,MIN,12.5,
TE,Zach Ertz (44270348),Zach Ertz,44270348,TE/FLEX,3100,PHI@CHI 09/28/2026 08:15PM ET,PHI,0,
WR,Elijah Moore (44248252),Elijah Moore,44248252,WR/FLEX,3000,PHI@CHI 09/28/2026 08:15PM ET,PHI,0,
WR,Britain Covey (44248254),Britain Covey,44248254,WR/FLEX,3000,PHI@CHI 09/28/2026 08:15PM ET,PHI,0,
WR,Johnny Wilson (44248256),Johnny Wilson,44248256,WR/FLEX,3000,PHI@CHI 09/28/2026 08:15PM ET,PHI,0,IR
WR,Xavier Gipson (44248258),Xavier Gipson,44248258,WR/FLEX,3000,PHI@CHI 09/28/2026 08:15PM ET,PHI,0,
WR,Zavion Thomas (44248260),Zavion Thomas,44248260,WR/FLEX,3000,PHI@CHI 09/28/2026 08:15PM ET,CHI,0,
WR,JP Richardson (44248262),JP Richardson,44248262,WR/FLEX,3000,PHI@CHI 09/28/2026 08:15PM ET,CHI,0,
WR,Scotty Miller (44248264),Scotty Miller,44248264,WR/FLEX,3000,PHI@CHI 09/28/2026 08:15PM ET,CHI,0,
WR,Kaden Davis (44248266),Kaden Davis,44248266,WR/FLEX,3000,PHI@CHI 09/28/2026 08:15PM ET,CHI,0,
WR,Konata Mumpfield (44248268),Konata Mumpfield,44248268,WR/FLEX,3000,LAR@DEN 09/27/2026 08:20PM ET,LAR,1.1,
WR,Xavier Smith (44248270),Xavier Smith,44248270,WR/FLEX,3000,LAR@DEN 09/27/2026 08:20PM ET,LAR,0,
WR,CJ Daniels (44248272),CJ Daniels,44248272,WR/FLEX,3000,LAR@DEN 09/27/2026 08:20PM ET,LAR,0,
WR,Brennan Presley (44248274),Brennan Presley,44248274,WR/FLEX,3000,LAR@DEN 09/27/2026 08:20PM ET,LAR,0,
WR,Alex Bachman (44248276),Alex Bachman,44248276,WR/FLEX,3000,LAR@DEN 09/27/2026 08:20PM ET,LAR,0,
WR,Lil'Jordan Humphrey (44248278),Lil'Jordan Humphrey,44248278,WR/FLEX,3000,LAR@DEN 09/27/2026 08:20PM ET,DEN,0,
WR,Kolbe Katsis (44248280),Kolbe Katsis,44248280,WR/FLEX,3000,LAR@DEN 09/27/2026 08:20PM ET,DEN,0,
WR,Michael Bandy (44248282),Michael Bandy,44248282,WR/FLEX,3000,LAR@DEN 09/27/2026 08:20PM ET,DEN,0,
WR,Dane Key (44248284),Dane Key,44248284,WR/FLEX,3000,LAR@DEN 09/27/2026 08:20PM ET,DEN,0,
WR,Barion Brown (44248286),Barion Brown,44248286,WR/FLEX,3000,LV@NO 09/27/2026 04:25PM ET,NO,0.2,OUT
WR,Bryce Lance (44248288),Bryce Lance,44248288,WR/FLEX,3000,LV@NO 09/27/2026 04:25PM ET,NO,4.5,
WR,Jordyn Tyson (44248290),Jordyn Tyson,44248290,WR/FLEX,3000,LV@NO 09/27/2026 04:25PM ET,NO,0,IR
WR,Mason Tipton (44248292),Mason Tipton,44248292,WR/FLEX,3000,LV@NO 09/27/2026 04:25PM ET,NO,0,OUT
WR,Trey Palmer (44248294),Trey Palmer,44248294,WR/FLEX,3000,LV@NO 09/27/2026 04:25PM ET,NO,0,
WR,Kyrese Rowan (44248296),Kyrese Rowan,44248296,WR/FLEX,3000,LV@NO 09/27/2026 04:25PM ET,NO,0,
WR,Jalen Moreno-Cropper (44248298),Jalen Moreno-Cropper,44248298,WR/FLEX,3000,LV@NO 09/27/2026 04:25PM ET,NO,0,
WR,Kevin Austin Jr. (44248300),Kevin Austin Jr.,44248300,WR/FLEX,3000,LV@NO 09/27/2026 04:25PM ET,NO,0.9,
WR,Cedric Tillman (44248302),Cedric Tillman,44248302,WR/FLEX,3000,LV@NO 09/27/2026 04:25PM ET,NO,0,
WR,Malik Benson (44248304),Malik Benson,44248304,WR/FLEX,3000,LV@NO 09/27/2026 04:25PM ET,LV,0.4,
WR,Dareke Young (44248306),Dareke Young,44248306,WR/FLEX,3000,LV@NO 09/27/2026 04:25PM ET,LV,1.9,
WR,Dont'e Thornton Jr. (44248308),Dont'e Thornton Jr.,44248308,WR/FLEX,3000,LV@NO 09/27/2026 04:25PM ET,LV,0,IR
WR,Justin Shorter (44248310),Justin Shorter,44248310,WR/FLEX,3000,LV@NO 09/27/2026 04:25PM ET,LV,0,IR
WR,Corey Rucker (44248312),Corey Rucker,44248312,WR/FLEX,3000,LV@NO 09/27/2026 04:25PM ET,LV,0,IR
WR,Ronnie Bell (44248314),Ronnie Bell,44248314,WR/FLEX,3000,LV@NO 09/27/2026 04:25PM ET,LV,0,
WR,Deven Thompkins (44248316),Deven Thompkins,44248316,WR/FLEX,3000,LV@NO 09/27/2026 04:25PM ET,LV,0,
WR,KhaDarel Hodge (44248318),KhaDarel Hodge,44248318,WR/FLEX,3000,ARI@SF 09/27/2026 04:05PM ET,SF,1.4,
WR,Christian Kirk (44248320),Christian Kirk,44248320,WR/FLEX,3000,ARI@SF 09/27/2026 04:05PM ET,SF,0,IR
WR,De'Zhaun Stribling (44248322),De'Zhaun Stribling,44248322,WR/FLEX,3000,ARI@SF 09/27/2026 04:05PM ET,SF,0,IR
WR,Ricky Pearsall (44248324),Ricky Pearsall,44248324,WR/FLEX,3000,ARI@SF 09/27/2026 04:05PM ET,SF,0,IR
WR,Will Pauling (44248326),Will Pauling,44248326,WR/FLEX,3000,ARI@SF 09/27/2026 04:05PM ET,SF,0,
WR,Wesley Grimes (44248328),Wesley Grimes,44248328,WR/FLEX,3000,ARI@SF 09/27/2026 04:05PM ET,SF,0,
WR,Brandon Aiyuk (44248330),Brandon Aiyuk,44248330,WR/FLEX,3000,ARI@SF 09/27/2026 04:05PM ET,SF,0,OUT
WR,Jalen Brooks (44248332),Jalen Brooks,44248332,WR/FLEX,3000,ARI@SF 09/27/2026 04:05PM ET,ARI,0,
WR,Simi Fehoko (44248334),Simi Fehoko,44248334,WR/FLEX,3000,ARI@SF 09/27/2026 04:05PM ET,ARI,0,
WR,Devin Duvernay (44248336),Devin Duvernay,44248336,WR/FLEX,3000,ARI@SF 09/27/2026 04:05PM ET,ARI,0,
WR,Reggie Virgil (44248338),Reggie Virgil,44248338,WR/FLEX,3000,ARI@SF 09/27/2026 04:05PM ET,ARI,0,
WR,Harrison Wallace III (44248340),Harrison Wallace III,44248340,WR/FLEX,3000,ARI@SF 09/27/2026 04:05PM ET,ARI,0,
WR,Jaylin Lane (44248342),Jaylin Lane,44248342,WR/FLEX,3000,SEA@WAS 09/27/2026 01:00PM ET,WAS,0.7,
WR,Treylon Burks (44248344),Treylon Burks,44248344,WR/FLEX,3000,SEA@WAS 09/27/2026 01:00PM ET,WAS,0,
WR,Luke McCaffrey (44248346),Luke McCaffrey,44248346,WR/FLEX,3000,SEA@WAS 09/27/2026 01:00PM ET,WAS,0,
WR,River Cracraft (44248348),River Cracraft,44248348,WR/FLEX,3000,SEA@WAS 09/27/2026 01:00PM ET,WAS,0,Q
WR,Jaden Bradley (44248350),Jaden Bradley,44248350,WR/FLEX,3000,SEA@WAS 09/27/2026 01:00PM ET,WAS,0,
WR,Van Jefferson (44248352),Van Jefferson,44248352,WR/FLEX,3000,SEA@WAS 09/27/2026 01:00PM ET,WAS,0,
WR,Tory Horton (44248354),Tory Horton,44248354,WR/FLEX,3000,SEA@WAS 09/27/2026 01:00PM ET,SEA,0,
WR,Montorie Foster Jr. (44248356),Montorie Foster Jr.,44248356,WR/FLEX,3000,SEA@WAS 09/27/2026 01:00PM ET,SEA,0,
WR,Irvin Charles (44248358),Irvin Charles,44248358,WR/FLEX,3000,SEA@WAS 09/27/2026 01:00PM ET,SEA,0,IR
WR,Jake Bobo (44248360),Jake Bobo,44248360,WR/FLEX,3000,SEA@WAS 09/27/2026 01:00PM ET,SEA,0,IR
WR,Julian Hicks (44248362),Julian Hicks,44248362,WR/FLEX,3000,SEA@WAS 09/27/2026 01:00PM ET,SEA,0,
WR,Ricky White III (44248364),Ricky White III,44248364,WR/FLEX,3000,SEA@WAS 09/27/2026 01:00PM ET,SEA,0,
WR,Emmanuel Henderson Jr. (44248366),Emmanuel Henderson Jr.,44248366,WR/FLEX,3000,SEA@WAS 09/27/2026 01:00PM ET,SEA,0,
WR,Braxton Berrios (44248368),Braxton Berrios,44248368,WR/FLEX,3000,TEN@NYG 09/27/2026 01:00PM ET,NYG,0,
WR,Calvin Austin III (44248370),Calvin Austin III,44248370,WR/FLEX,3000,TEN@NYG 09/27/2026 01:00PM ET,NYG,0,IR
WR,Gunner Olszewski (44248372),Gunner Olszewski,44248372,WR/FLEX,3000,TEN@NYG 09/27/2026 01:00PM ET,NYG,0,IR
WR,Dalen Cambre (44248374),Dalen Cambre,44248374,WR/FLEX,3000,TEN@NYG 09/27/2026 01:00PM ET,NYG,0,
WR,Jalin Hyatt (44248376),Jalin Hyatt,44248376,WR/FLEX,3000,TEN@NYG 09/27/2026 01:00PM ET,NYG,0,
WR,Charlie Jones (44248378),Charlie Jones,44248378,WR/FLEX,3000,TEN@NYG 09/27/2026 01:00PM ET,NYG,0,
WR,Chimere Dike (44248380),Chimere Dike,44248380,WR/FLEX,3000,TEN@NYG 09/27/2026 01:00PM ET,TEN,0.4,
WR,K.J. Osborn (44248382),K.J. Osborn,44248382,WR/FLEX,3000,TEN@NYG 09/27/2026 01:00PM ET,TEN,0,
WR,Xavier Restrepo (44248384),Xavier Restrepo,44248384,WR/FLEX,3000,TEN@NYG 09/27/2026 01:00PM ET,TEN,0,
WR,Tyren Montgomery (44248386),Tyren Montgomery,44248386,WR/FLEX,3000,TEN@NYG 09/27/2026 01:00PM ET,TEN,0,
WR,D.J. Montgomery (44248388),D.J. Montgomery,44248388,WR/FLEX,3000,HOU@IND 09/27/2026 01:00PM ET,IND,0,IR
WR,Nick Westbrook-Ikhine (44248390),Nick Westbrook-Ikhine,44248390,WR/FLEX,3000,HOU@IND 09/27/2026 01:00PM ET,IND,0,
WR,Anthony Gould (44248392),Anthony Gould,44248392,WR/FLEX,3000,HOU@IND 09/27/2026 01:00PM ET,IND,0,
WR,Tank Dell (44248394),Tank Dell,44248394,WR/FLEX,3000,HOU@IND 09/27/2026 01:00PM ET,HOU,0,IR
WR,Jayden Higgins (44248396),Jayden Higgins,44248396,WR/FLEX,3000,HOU@IND 09/27/2026 01:00PM ET,HOU,0,IR
WR,Josh Kelly (44248398),Josh Kelly,44248398,WR/FLEX,3000,HOU@IND 09/27/2026 01:00PM ET,HOU,0,
WR,Mitch Tinsley (44248400),Mitch Tinsley,44248400,WR/FLEX,3000,HOU@IND 09/27/2026 01:00PM ET,HOU,0,
WR,Daniel Sobkowicz (44248402),Daniel Sobkowicz,44248402,WR/FLEX,3000,HOU@IND 09/27/2026 01:00PM ET,HOU,0,
WR,Lewis Bond (44248404),Lewis Bond,44248404,WR/FLEX,3000,HOU@IND 09/27/2026 01:00PM ET,HOU,0,
WR,Bryce Oliver (44248406),Bryce Oliver,44248406,WR/FLEX,3000,HOU@IND 09/27/2026 01:00PM ET,HOU,0,
WR,Brycen Tremayne (44248408),Brycen Tremayne,44248408,WR/FLEX,3000,CAR@CLE 09/27/2026 01:00PM ET,CAR,0,
WR,John Metchie III (44248410),John Metchie III,44248410,WR/FLEX,3000,CAR@CLE 09/27/2026 01:00PM ET,CAR,0,
WR,Chris Brazzell II (44248412),Chris Brazzell II,44248412,WR/FLEX,3000,CAR@CLE 09/27/2026 01:00PM ET,CAR,0,IR
WR,David Moore (44248414),David Moore,44248414,WR/FLEX,3000,CAR@CLE 09/27/2026 01:00PM ET,CAR,0,
WR,Ja'seem Reed (44248416),Ja'seem Reed,44248416,WR/FLEX,3000,CAR@CLE 09/27/2026 01:00PM ET,CAR,0,
WR,Casey Washington (44248418),Casey Washington,44248418,WR/FLEX,3000,CAR@CLE 09/27/2026 01:00PM ET,CAR,0,
WR,E.J. Williams Jr. (44248420),E.J. Williams Jr.,44248420,WR/FLEX,3000,CAR@CLE 09/27/2026 01:00PM ET,CAR,0,
WR,Isaiah Bond (44248422),Isaiah Bond,44248422,WR/FLEX,3000,CAR@CLE 09/27/2026 01:00PM ET,CLE,1,
WR,Tylan Wallace (44248424),Tylan Wallace,44248424,WR/FLEX,3000,CAR@CLE 09/27/2026 01:00PM ET,CLE,0,
WR,Malachi Corley (44248426),Malachi Corley,44248426,WR/FLEX,3000,CAR@CLE 09/27/2026 01:00PM ET,CLE,0,
WR,Bub Means (44248428),Bub Means,44248428,WR/FLEX,3000,CAR@CLE 09/27/2026 01:00PM ET,CLE,0,
WR,Jimmy Horn Jr. (44248430),Jimmy Horn Jr.,44248430,WR/FLEX,3000,CAR@CLE 09/27/2026 01:00PM ET,CLE,-1,
WR,Ben Skowronek (44248432),Ben Skowronek,44248432,WR/FLEX,3000,CIN@PIT 09/27/2026 01:00PM ET,PIT,0.6,
WR,Kaden Wetjen (44248434),Kaden Wetjen,44248434,WR/FLEX,3000,CIN@PIT 09/27/2026 01:00PM ET,PIT,0,
WR,Cole Burgess (44248436),Cole Burgess,44248436,WR/FLEX,3000,CIN@PIT 09/27/2026 01:00PM ET,PIT,0,IR
WR,Brandon Smith (44248438),Brandon Smith,44248438,WR/FLEX,3000,CIN@PIT 09/27/2026 01:00PM ET,PIT,0,
WR,Brandon Johnson (44248440),Brandon Johnson,44248440,WR/FLEX,3000,CIN@PIT 09/27/2026 01:00PM ET,PIT,0,
WR,Andrei Iosivas (44248442),Andrei Iosivas,44248442,WR/FLEX,3000,CIN@PIT 09/27/2026 01:00PM ET,CIN,2.5,IR
WR,Colbie Young (44248444),Colbie Young,44248444,WR/FLEX,3000,CIN@PIT 09/27/2026 01:00PM ET,CIN,0.9,
WR,Dohnte Meyers (44248446),Dohnte Meyers,44248446,WR/FLEX,3000,CIN@PIT 09/27/2026 01:00PM ET,CIN,1.9,
WR,Ke'Shawn Williams (44248448),Ke'Shawn Williams,44248448,WR/FLEX,3000,CIN@PIT 09/27/2026 01:00PM ET,CIN,0,
WR,Jordan Moore (44248450),Jordan Moore,44248450,WR/FLEX,3000,CIN@PIT 09/27/2026 01:00PM ET,CIN,0,
WR,Noah Thomas (44248452),Noah Thomas,44248452,WR/FLEX,3000,CIN@PIT 09/27/2026 01:00PM ET,CIN,0,
WR,Arian Smith (44248454),Arian Smith,44248454,WR/FLEX,3000,NYJ@DET 09/27/2026 01:00PM ET,NYJ,0,IR
WR,Tim Patrick (44248456),Tim Patrick,44248456,WR/FLEX,3000,NYJ@DET 09/27/2026 01:00PM ET,NYJ,0,IR
WR,Omar Cooper Jr. (44248458),Omar Cooper Jr.,44248458,WR/FLEX,3000,NYJ@DET 09/27/2026 01:00PM ET,NYJ,4,IR
WR,Malik McClain (44248460),Malik McClain,44248460,WR/FLEX,3000,NYJ@DET 09/27/2026 01:00PM ET,NYJ,0,
WR,Jamaal Pritchett (44248462),Jamaal Pritchett,44248462,WR/FLEX,3000,NYJ@DET 09/27/2026 01:00PM ET,NYJ,0,
WR,Sterling Shepard (44248464),Sterling Shepard,44248464,WR/FLEX,3000,NYJ@DET 09/27/2026 01:00PM ET,NYJ,0,
WR,Tyler Johnson (44248466),Tyler Johnson,44248466,WR/FLEX,3000,NYJ@DET 09/27/2026 01:00PM ET,NYJ,0,
WR,Tom Kennedy (44248468),Tom Kennedy,44248468,WR/FLEX,3000,NYJ@DET 09/27/2026 01:00PM ET,DET,0,
WR,Tay Martin (44248470),Tay Martin,44248470,WR/FLEX,3000,NYJ@DET 09/27/2026 01:00PM ET,DET,0,
WR,Kendrick Law (44248472),Kendrick Law,44248472,WR/FLEX,3000,NYJ@DET 09/27/2026 01:00PM ET,DET,0,IR
WR,Dominic Lovett (44248474),Dominic Lovett,44248474,WR/FLEX,3000,NYJ@DET 09/27/2026 01:00PM ET,DET,0,
WR,Lucky Jackson (44248476),Lucky Jackson,44248476,WR/FLEX,3000,NYJ@DET 09/27/2026 01:00PM ET,DET,0,
WR,Josh Cameron (44248478),Josh Cameron,44248478,WR/FLEX,3000,NE@JAX 09/27/2026 01:00PM ET,JAX,5,
WR,CJ Williams (44248480),CJ Williams,44248480,WR/FLEX,3000,NE@JAX 09/27/2026 01:00PM ET,JAX,0,
WR,Tim Jones (44248482),Tim Jones,44248482,WR/FLEX,3000,NE@JAX 09/27/2026 01:00PM ET,JAX,0,
WR,Trebor Pena (44248484),Trebor Pena,44248484,WR/FLEX,3000,NE@JAX 09/27/2026 01:00PM ET,JAX,0,
WR,Michael Wortham (44248486),Michael Wortham,44248486,WR/FLEX,3000,NE@JAX 09/27/2026 01:00PM ET,JAX,0,
WR,Austin Trammell (44248488),Austin Trammell,44248488,WR/FLEX,3000,NE@JAX 09/27/2026 01:00PM ET,JAX,0,
WR,Efton Chism III (44248490),Efton Chism III,44248490,WR/FLEX,3000,NE@JAX 09/27/2026 01:00PM ET,NE,0.8,
WR,A.J. Brown (44248492),A.J. Brown,44248492,WR/FLEX,3000,NE@JAX 09/27/2026 01:00PM ET,NE,5.6,IR
WR,Jeremiah Webb (44248494),Jeremiah Webb,44248494,WR/FLEX,3000,NE@JAX 09/27/2026 01:00PM ET,NE,0,IR
WR,Chandler Brayboy (44248496),Chandler Brayboy,44248496,WR/FLEX,3000,NE@JAX 09/27/2026 01:00PM ET,NE,0,
WR,Cameron Dorner (44248498),Cameron Dorner,44248498,WR/FLEX,3000,NE@JAX 09/27/2026 01:00PM ET,NE,0,
WR,Kyle Dixon (44248500),Kyle Dixon,44248500,WR/FLEX,3000,NE@JAX 09/27/2026 01:00PM ET,NE,0,
WR,Kevin Coleman Jr. (44248502),Kevin Coleman Jr.,44248502,WR/FLEX,3000,KC@MIA 09/27/2026 01:00PM ET,MIA,0,
WR,Jalen Tolbert (44248504),Jalen Tolbert,44248504,WR/FLEX,3000,KC@MIA 09/27/2026 01:00PM ET,MIA,0,
WR,Jalen Reagor (44248506),Jalen Reagor,44248506,WR/FLEX,3000,KC@MIA 09/27/2026 01:00PM ET,MIA,0,
WR,Will Sheppard (44248508),Will Sheppard,44248508,WR/FLEX,3000,KC@MIA 09/27/2026 01:00PM ET,MIA,0,
WR,Jalen Royals (44248510),Jalen Royals,44248510,WR/FLEX,3000,KC@MIA 09/27/2026 01:00PM ET,KC,4.3,
WR,Nikko Remigio (44248512),Nikko Remigio,44248512,WR/FLEX,3000,KC@MIA 09/27/2026 01:00PM ET,KC,0,
WR,Jeff Caldwell (44248514),Jeff Caldwell,44248514,WR/FLEX,3000,KC@MIA 09/27/2026 01:00PM ET,KC,0,IR
WR,Jimmy Holiday (44248516),Jimmy Holiday,44248516,WR/FLEX,3000,KC@MIA 09/27/2026 01:00PM ET,KC,0,IR
WR,Andrew Armstrong (44248518),Andrew Armstrong,44248518,WR/FLEX,3000,KC@MIA 09/27/2026 01:00PM ET,KC,0,
WR,Omari Evans (44248520),Omari Evans,44248520,WR/FLEX,3000,KC@MIA 09/27/2026 01:00PM ET,KC,0,
WR,Brenen Thompson (44248522),Brenen Thompson,44248522,WR/FLEX,3000,LAC@BUF 09/27/2026 01:00PM ET,LAC,1.2,OUT
WR,Derius Davis (44248524),Derius Davis,44248524,WR/FLEX,3000,LAC@BUF 09/27/2026 01:00PM ET,LAC,0,
WR,Gary Jennings (44248526),Gary Jennings,44248526,WR/FLEX,3000,LAC@BUF 09/27/2026 01:00PM ET,LAC,0,
WR,KeAndre Lambert-Smith (44248528),KeAndre Lambert-Smith,44248528,WR/FLEX,3000,LAC@BUF 09/27/2026 01:00PM ET,LAC,0,IR
WR,Theo Wease Jr. (44248530),Theo Wease Jr.,44248530,WR/FLEX,3000,LAC@BUF 09/27/2026 01:00PM ET,LAC,0,
WR,Marquez Valdes-Scantling (44248532),Marquez Valdes-Scantling,44248532,WR/FLEX,3000,LAC@BUF 09/27/2026 01:00PM ET,LAC,0,
WR,Skyler Bell (44248534),Skyler Bell,44248534,WR/FLEX,3000,LAC@BUF 09/27/2026 01:00PM ET,BUF,0,
WR,Tyrell Shavers (44248536),Tyrell Shavers,44248536,WR/FLEX,3000,LAC@BUF 09/27/2026 01:00PM ET,BUF,0,OUT
WR,Ja'Mori Maclin (44248538),Ja'Mori Maclin,44248538,WR/FLEX,3000,LAC@BUF 09/27/2026 01:00PM ET,BUF,0,
WR,Greg Dortch (44248540),Greg Dortch,44248540,WR/FLEX,3000,LAC@BUF 09/27/2026 01:00PM ET,BUF,0,
WR,Trent Sherfield Sr. (44248542),Trent Sherfield Sr.,44248542,WR/FLEX,3000,LAC@BUF 09/27/2026 01:00PM ET,BUF,0,
WR,Stephen Gosnell (44248544),Stephen Gosnell,44248544,WR/FLEX,3000,LAC@BUF 09/27/2026 01:00PM ET,BUF,0,
WR,Ted Hurst III (44248546),Ted Hurst III,44248546,WR/FLEX,3000,MIN@TB 09/27/2026 04:05PM ET,TB,5.7,
WR,Tez Johnson (44248548),Tez Johnson,44248548,WR/FLEX,3000,MIN@TB 09/27/2026 04:05PM ET,TB,2.8,
WR,Kameron Johnson (44248550),Kameron Johnson,44248550,WR/FLEX,3000,MIN@TB 09/27/2026 04:05PM ET,TB,0,
WR,David Sills V (44248552),David Sills V,44248552,WR/FLEX,3000,MIN@TB 09/27/2026 04:05PM ET,TB,0,IR
WR,Garrett Greene (44248554),Garrett Greene,44248554,WR/FLEX,3000,MIN@TB 09/27/2026 04:05PM ET,TB,0,
WR,Dean Patterson IV (44248556),Dean Patterson IV,44248556,WR/FLEX,3000,MIN@TB 09/27/2026 04:05PM ET,TB,0,
WR,Eric Rivers Jr. (44248558),Eric Rivers Jr.,44248558,WR/FLEX,3000,MIN@TB 09/27/2026 04:05PM ET,TB,0,
WR,Tai Felton (44248560),Tai Felton,44248560,WR/FLEX,3000,MIN@TB 09/27/2026 04:05PM ET,MIN,0,
WR,Myles Price (44248562),Myles Price,44248562,WR/FLEX,3000,MIN@TB 09/27/2026 04:05PM ET,MIN,0,
WR,Jeshaun Jones (44248564),Jeshaun Jones,44248564,WR/FLEX,3000,MIN@TB 09/27/2026 04:05PM ET,MIN,0,OUT
WR,Michael Briscoe (44248566),Michael Briscoe,44248566,WR/FLEX,3000,MIN@TB 09/27/2026 04:05PM ET,MIN,0,
WR,Trayvon Rudolph (44248568),Trayvon Rudolph,44248568,WR/FLEX,3000,MIN@TB 09/27/2026 04:05PM ET,MIN,0,
WR,Dillon Bell (44248570),Dillon Bell,44248570,WR/FLEX,3000,MIN@TB 09/27/2026 04:05PM ET,MIN,0,
WR,LaJohntay Wester (44248572),LaJohntay Wester,44248572,WR/FLEX,3000,BAL@DAL 09/27/2026 04:25PM ET,BAL,3,
WR,Ja'Kobi Lane (44248574),Ja'Kobi Lane,44248574,WR/FLEX,3000,BAL@DAL 09/27/2026 04:25PM ET,BAL,2.1,IR
WR,Gage Larvadain (44248576),Gage Larvadain,44248576,WR/FLEX,3000,BAL@DAL 09/27/2026 04:25PM ET,BAL,0,
WR,Xavier Guillory (44248578),Xavier Guillory,44248578,WR/FLEX,3000,BAL@DAL 09/27/2026 04:25PM ET,BAL,0,
WR,KaVontae Turpin (44248580),KaVontae Turpin,44248580,WR/FLEX,3000,BAL@DAL 09/27/2026 04:25PM ET,DAL,1,
WR,Jonathan Mingo (44248582),Jonathan Mingo,44248582,WR/FLEX,3000,BAL@DAL 09/27/2026 04:25PM ET,DAL,1,
WR,Camden Brown (44248584),Camden Brown,44248584,WR/FLEX,3000,BAL@DAL 09/27/2026 04:25PM ET,DAL,0,
WR,Anthony Smith (44248586),Anthony Smith,44248586,WR/FLEX,3000,BAL@DAL 09/27/2026 04:25PM ET,DAL,0,
WR,Jordan Hudson (44248588),Jordan Hudson,44248588,WR/FLEX,3000,BAL@DAL 09/27/2026 04:25PM ET,DAL,0,
TE,Cole Kmet (44248650),Cole Kmet,44248650,TE/FLEX,3000,PHI@CHI 09/28/2026 08:15PM ET,CHI,5.8,
TE,Greg Dulcich (44248652),Greg Dulcich,44248652,TE/FLEX,3000,KC@MIA 09/27/2026 01:00PM ET,MIA,3.8,
TE,Noah Gray (44248654),Noah Gray,44248654,TE/FLEX,3000,KC@MIA 09/27/2026 01:00PM ET,KC,0.8,
DST,Panthers (44248948),Panthers,44248948,DST,3000,CAR@CLE 09/27/2026 01:00PM ET,CAR,13,
WR,Eli Pancol (44284129),Eli Pancol,44284129,WR/FLEX,3000,HOU@IND 09/27/2026 01:00PM ET,IND,0,
WR,Ihmir Smith-Marsette (44284131),Ihmir Smith-Marsette,44284131,WR/FLEX,3000,ARI@SF 09/27/2026 04:05PM ET,ARI,0,
WR,Isaiah Hodgins (44284133),Isaiah Hodgins,44284133,WR/FLEX,3000,CIN@PIT 09/27/2026 01:00PM ET,PIT,0,
WR,Shedrick Jackson (44284135),Shedrick Jackson,44284135,WR/FLEX,3000,BAL@DAL 09/27/2026 04:25PM ET,BAL,0,
TE,Tyler Higbee (44248656),Tyler Higbee,44248656,TE/FLEX,2900,LAR@DEN 09/27/2026 08:20PM ET,LAR,1.1,
TE,Gunnar Helm (44248658),Gunnar Helm,44248658,TE/FLEX,2900,TEN@NYG 09/27/2026 01:00PM ET,TEN,5.1,
TE,Eli Raridon (44248660),Eli Raridon,44248660,TE/FLEX,2900,NE@JAX 09/27/2026 01:00PM ET,NE,5.6,Q
DST,Bengals (44248949),Bengals,44248949,DST,2900,CIN@PIT 09/27/2026 01:00PM ET,CIN,14.5,
DST,Jaguars (44248950),Jaguars,44248950,DST,2900,NE@JAX 09/27/2026 01:00PM ET,JAX,8,
TE,Darnell Washington (44248662),Darnell Washington,44248662,TE/FLEX,2800,CIN@PIT 09/27/2026 01:00PM ET,PIT,2.8,
TE,Dawson Knox (44248664),Dawson Knox,44248664,TE/FLEX,2800,LAC@BUF 09/27/2026 01:00PM ET,BUF,5.1,
DST,Bills (44248951),Bills,44248951,DST,2800,LAC@BUF 09/27/2026 01:00PM ET,BUF,4.5,
DST,Ravens (44248952),Ravens,44248952,DST,2800,BAL@DAL 09/27/2026 04:25PM ET,BAL,4.5,
TE,Terrance Ferguson (44248666),Terrance Ferguson,44248666,TE/FLEX,2700,LAR@DEN 09/27/2026 08:20PM ET,LAR,8.7,
TE,Theo Johnson (44248668),Theo Johnson,44248668,TE/FLEX,2700,TEN@NYG 09/27/2026 01:00PM ET,NYG,1,
TE,David Njoku (44248670),David Njoku,44248670,TE/FLEX,2700,LAC@BUF 09/27/2026 01:00PM ET,LAC,6.4,IR
DST,Steelers (44248953),Steelers,44248953,DST,2700,CIN@PIT 09/27/2026 01:00PM ET,PIT,13,
DST,Patriots (44248954),Patriots,44248954,DST,2700,NE@JAX 09/27/2026 01:00PM ET,NE,13.5,
TE,Johnny Mundt (44248672),Johnny Mundt,44248672,TE/FLEX,2600,PHI@CHI 09/28/2026 08:15PM ET,PHI,1.4,
TE,Ben Sinnott (44248674),Ben Sinnott,44248674,TE/FLEX,2600,SEA@WAS 09/27/2026 01:00PM ET,WAS,0.8,
TE,Drew Sample (44248676),Drew Sample,44248676,TE/FLEX,2600,CIN@PIT 09/27/2026 01:00PM ET,CIN,2.5,
DST,Raiders (44248955),Raiders,44248955,DST,2600,LV@NO 09/27/2026 04:25PM ET,LV,12.5,
DST,Buccaneers (44248956),Buccaneers,44248956,DST,2600,MIN@TB 09/27/2026 04:05PM ET,TB,5.5,
TE,E.J. Jenkins (44248678),E.J. Jenkins,44248678,TE/FLEX,2500,PHI@CHI 09/28/2026 08:15PM ET,PHI,0,
TE,Grant Calcaterra (44248680),Grant Calcaterra,44248680,TE/FLEX,2500,PHI@CHI 09/28/2026 08:15PM ET,PHI,0,IR
TE,Eli Stowers (44248682),Eli Stowers,44248682,TE/FLEX,2500,PHI@CHI 09/28/2026 08:15PM ET,PHI,0,IR
TE,Rocco Underwood (44248684),Rocco Underwood,44248684,TE/FLEX,2500,PHI@CHI 09/28/2026 08:15PM ET,PHI,0,
TE,Josiah Deguara (44248686),Josiah Deguara,44248686,TE/FLEX,2500,PHI@CHI 09/28/2026 08:15PM ET,PHI,0,
TE,Sam Roush (44248688),Sam Roush,44248688,TE/FLEX,2500,PHI@CHI 09/28/2026 08:15PM ET,CHI,1,
TE,Nikola Kalinic (44248690),Nikola Kalinic,44248690,TE/FLEX,2500,PHI@CHI 09/28/2026 08:15PM ET,CHI,0,IR
TE,Hayden Large (44248692),Hayden Large,44248692,TE/FLEX,2500,PHI@CHI 09/28/2026 08:15PM ET,CHI,0,IR
TE,Qadir Ismail (44248694),Qadir Ismail,44248694,TE/FLEX,2500,PHI@CHI 09/28/2026 08:15PM ET,CHI,0,
TE,Stephen Carlson (44248696),Stephen Carlson,44248696,TE/FLEX,2500,PHI@CHI 09/28/2026 08:15PM ET,CHI,0,
TE,Davis Allen (44248698),Davis Allen,44248698,TE/FLEX,2500,LAR@DEN 09/27/2026 08:20PM ET,LAR,2,
TE,Max Klare (44248700),Max Klare,44248700,TE/FLEX,2500,LAR@DEN 09/27/2026 08:20PM ET,LAR,0,
TE,Dan Villari (44248702),Dan Villari,44248702,TE/FLEX,2500,LAR@DEN 09/27/2026 08:20PM ET,LAR,0,
TE,Adam Trautman (44248704),Adam Trautman,44248704,TE/FLEX,2500,LAR@DEN 09/27/2026 08:20PM ET,DEN,1.5,
TE,Nate Adkins (44248706),Nate Adkins,44248706,TE/FLEX,2500,LAR@DEN 09/27/2026 08:20PM ET,DEN,6.4,
TE,Dallen Bentley (44248708),Dallen Bentley,44248708,TE/FLEX,2500,LAR@DEN 09/27/2026 08:20PM ET,DEN,0,
TE,Caleb Lohner (44248710),Caleb Lohner,44248710,TE/FLEX,2500,LAR@DEN 09/27/2026 08:20PM ET,DEN,0,IR
TE,Mitchell Fraboni (44248712),Mitchell Fraboni,44248712,TE/FLEX,2500,LAR@DEN 09/27/2026 08:20PM ET,DEN,0,
TE,Lucas Krull (44248714),Lucas Krull,44248714,TE/FLEX,2500,LAR@DEN 09/27/2026 08:20PM ET,DEN,0,
TE,Oscar Delp (44248716),Oscar Delp,44248716,TE/FLEX,2500,LV@NO 09/27/2026 04:25PM ET,NO,1.8,
TE,Treyton Welch (44248718),Treyton Welch,44248718,TE/FLEX,2500,LV@NO 09/27/2026 04:25PM ET,NO,0,
TE,Moliki Matavao (44248720),Moliki Matavao,44248720,TE/FLEX,2500,LV@NO 09/27/2026 04:25PM ET,NO,0,IR
TE,Stone Smartt (44248722),Stone Smartt,44248722,TE/FLEX,2500,LV@NO 09/27/2026 04:25PM ET,NO,0,
TE,Zach Wood (44248724),Zach Wood,44248724,TE/FLEX,2500,LV@NO 09/27/2026 04:25PM ET,NO,0,IR
TE,Ian Thomas (44248726),Ian Thomas,44248726,TE/FLEX,2500,LV@NO 09/27/2026 04:25PM ET,LV,1.1,
TE,Carter Runyon (44248728),Carter Runyon,44248728,TE/FLEX,2500,LV@NO 09/27/2026 04:25PM ET,LV,0,IR
TE,Patrick Gurd (44248730),Patrick Gurd,44248730,TE/FLEX,2500,LV@NO 09/27/2026 04:25PM ET,LV,0,
TE,Chris Myarick (44248732),Chris Myarick,44248732,TE/FLEX,2500,LV@NO 09/27/2026 04:25PM ET,LV,0,
TE,Luke Farrell (44248734),Luke Farrell,44248734,TE/FLEX,2500,ARI@SF 09/27/2026 04:05PM ET,SF,2,
TE,Brayden Willis (44248736),Brayden Willis,44248736,TE/FLEX,2500,ARI@SF 09/27/2026 04:05PM ET,SF,0,
TE,Jake Tonges (44248738),Jake Tonges,44248738,TE/FLEX,2500,ARI@SF 09/27/2026 04:05PM ET,SF,0,IR
TE,Khalil Dinkins (44248740),Khalil Dinkins,44248740,TE/FLEX,2500,ARI@SF 09/27/2026 04:05PM ET,SF,0,
TE,Jack Stoll (44248742),Jack Stoll,44248742,TE/FLEX,2500,ARI@SF 09/27/2026 04:05PM ET,SF,0,
TE,Elijah Higgins (44248744),Elijah Higgins,44248744,TE/FLEX,2500,ARI@SF 09/27/2026 04:05PM ET,ARI,0,
TE,Hunter Long (44248746),Hunter Long,44248746,TE/FLEX,2500,ARI@SF 09/27/2026 04:05PM ET,ARI,0,
TE,Tip Reiman (44248748),Tip Reiman,44248748,TE/FLEX,2500,ARI@SF 09/27/2026 04:05PM ET,ARI,0,OUT
TE,Jameson Geers (44248750),Jameson Geers,44248750,TE/FLEX,2500,ARI@SF 09/27/2026 04:05PM ET,ARI,0,IR
TE,Teagan Quitoriano (44248752),Teagan Quitoriano,44248752,TE/FLEX,2500,ARI@SF 09/27/2026 04:05PM ET,ARI,0,
TE,Shawn Bowman (44248754),Shawn Bowman,44248754,TE/FLEX,2500,ARI@SF 09/27/2026 04:05PM ET,ARI,0,
TE,John Bates (44248756),John Bates,44248756,TE/FLEX,2500,SEA@WAS 09/27/2026 01:00PM ET,WAS,1.7,
TE,Colson Yankoff (44248758),Colson Yankoff,44248758,TE/FLEX,2500,SEA@WAS 09/27/2026 01:00PM ET,WAS,1.2,
TE,Jack Westover (44248760),Jack Westover,44248760,TE/FLEX,2500,SEA@WAS 09/27/2026 01:00PM ET,WAS,0,
TE,Tyler Ott (44248762),Tyler Ott,44248762,TE/FLEX,2500,SEA@WAS 09/27/2026 01:00PM ET,WAS,0,
TE,Eric Saubert (44248764),Eric Saubert,44248764,TE/FLEX,2500,SEA@WAS 09/27/2026 01:00PM ET,SEA,0,
TE,Elijah Arroyo (44248766),Elijah Arroyo,44248766,TE/FLEX,2500,SEA@WAS 09/27/2026 01:00PM ET,SEA,1.4,
TE,Nick Kallerup (44248768),Nick Kallerup,44248768,TE/FLEX,2500,SEA@WAS 09/27/2026 01:00PM ET,SEA,0,
TE,Chris Manhertz (44248770),Chris Manhertz,44248770,TE/FLEX,2500,TEN@NYG 09/27/2026 01:00PM ET,NYG,0,
TE,Thomas Fidone II (44248772),Thomas Fidone II,44248772,TE/FLEX,2500,TEN@NYG 09/27/2026 01:00PM ET,NYG,0,
TE,Ben Mann (44248774),Ben Mann,44248774,TE/FLEX,2500,TEN@NYG 09/27/2026 01:00PM ET,NYG,0,
TE,Daniel Bellinger (44248776),Daniel Bellinger,44248776,TE/FLEX,2500,TEN@NYG 09/27/2026 01:00PM ET,TEN,0.9,
TE,David Martin-Robinson (44248778),David Martin-Robinson,44248778,TE/FLEX,2500,TEN@NYG 09/27/2026 01:00PM ET,TEN,0,
TE,Kylen Granson (44248780),Kylen Granson,44248780,TE/FLEX,2500,TEN@NYG 09/27/2026 01:00PM ET,TEN,0,
TE,Jaren Kanak (44248782),Jaren Kanak,44248782,TE/FLEX,2500,TEN@NYG 09/27/2026 01:00PM ET,TEN,0,IR
TE,Joel Wilson (44248784),Joel Wilson,44248784,TE/FLEX,2500,TEN@NYG 09/27/2026 01:00PM ET,TEN,0,
TE,Mo Alie-Cox (44248786),Mo Alie-Cox,44248786,TE/FLEX,2500,HOU@IND 09/27/2026 01:00PM ET,IND,0,
TE,Drew Ogletree (44248788),Drew Ogletree,44248788,TE/FLEX,2500,HOU@IND 09/27/2026 01:00PM ET,IND,0,
TE,Will Mallory (44248790),Will Mallory,44248790,TE/FLEX,2500,HOU@IND 09/27/2026 01:00PM ET,IND,0,IR
TE,Carson Towt (44248792),Carson Towt,44248792,TE/FLEX,2500,HOU@IND 09/27/2026 01:00PM ET,IND,0,IR
TE,Pharaoh Brown (44248794),Pharaoh Brown,44248794,TE/FLEX,2500,HOU@IND 09/27/2026 01:00PM ET,IND,0,
TE,Kenny Fletcher Jr. (44248796),Kenny Fletcher Jr.,44248796,TE/FLEX,2500,HOU@IND 09/27/2026 01:00PM ET,IND,0,
TE,Foster Moreau (44248798),Foster Moreau,44248798,TE/FLEX,2500,HOU@IND 09/27/2026 01:00PM ET,HOU,4.5,
TE,Marlin Klein (44248800),Marlin Klein,44248800,TE/FLEX,2500,HOU@IND 09/27/2026 01:00PM ET,HOU,1.3,
TE,Cade Stover (44248802),Cade Stover,44248802,TE/FLEX,2500,HOU@IND 09/27/2026 01:00PM ET,HOU,0.4,
TE,Brevin Jordan (44248804),Brevin Jordan,44248804,TE/FLEX,2500,HOU@IND 09/27/2026 01:00PM ET,HOU,0,
TE,Zaire Mitchell-Paden (44248806),Zaire Mitchell-Paden,44248806,TE/FLEX,2500,HOU@IND 09/27/2026 01:00PM ET,HOU,0,
TE,Tommy Tremble (44248808),Tommy Tremble,44248808,TE/FLEX,2500,CAR@CLE 09/27/2026 01:00PM ET,CAR,3.5,
TE,Mitchell Evans (44248810),Mitchell Evans,44248810,TE/FLEX,2500,CAR@CLE 09/27/2026 01:00PM ET,CAR,2.1,
TE,Feleipe Franks (44248812),Feleipe Franks,44248812,TE/FLEX,2500,CAR@CLE 09/27/2026 01:00PM ET,CAR,0,
TE,Ja'Tavion Sanders (44248814),Ja'Tavion Sanders,44248814,TE/FLEX,2500,CAR@CLE 09/27/2026 01:00PM ET,CAR,0,
TE,Blake Whiteheart (44248816),Blake Whiteheart,44248816,TE/FLEX,2500,CAR@CLE 09/27/2026 01:00PM ET,CLE,5.6,
TE,Carsen Ryan (44248818),Carsen Ryan,44248818,TE/FLEX,2500,CAR@CLE 09/27/2026 01:00PM ET,CLE,0,
TE,Joe Royer (44248820),Joe Royer,44248820,TE/FLEX,2500,CAR@CLE 09/27/2026 01:00PM ET,CLE,0,OUT
TE,Messiah Swinson (44248822),Messiah Swinson,44248822,TE/FLEX,2500,CAR@CLE 09/27/2026 01:00PM ET,CLE,0,
TE,Robert Tonyan (44248824),Robert Tonyan,44248824,TE/FLEX,2500,CIN@PIT 09/27/2026 01:00PM ET,PIT,0,
TE,Lake McRee (44248826),Lake McRee,44248826,TE/FLEX,2500,CIN@PIT 09/27/2026 01:00PM ET,PIT,0,
TE,Erick All Jr. (44248828),Erick All Jr.,44248828,TE/FLEX,2500,CIN@PIT 09/27/2026 01:00PM ET,CIN,1.3,
TE,Jack Endries (44248830),Jack Endries,44248830,TE/FLEX,2500,CIN@PIT 09/27/2026 01:00PM ET,CIN,0,
TE,Tanner Hudson (44248832),Tanner Hudson,44248832,TE/FLEX,2500,CIN@PIT 09/27/2026 01:00PM ET,CIN,1.4,
TE,William Wagner (44248834),William Wagner,44248834,TE/FLEX,2500,CIN@PIT 09/27/2026 01:00PM ET,CIN,0,
TE,Mason Taylor (44248836),Mason Taylor,44248836,TE/FLEX,2500,NYJ@DET 09/27/2026 01:00PM ET,NYJ,0.9,OUT
TE,Jeremy Ruckert (44248838),Jeremy Ruckert,44248838,TE/FLEX,2500,NYJ@DET 09/27/2026 01:00PM ET,NYJ,2,
TE,Jelani Woods (44248840),Jelani Woods,44248840,TE/FLEX,2500,NYJ@DET 09/27/2026 01:00PM ET,NYJ,0,
TE,Brock Wright (44248842),Brock Wright,44248842,TE/FLEX,2500,NYJ@DET 09/27/2026 01:00PM ET,DET,0.8,
TE,Tyler Conklin (44248844),Tyler Conklin,44248844,TE/FLEX,2500,NYJ@DET 09/27/2026 01:00PM ET,DET,0,
TE,Jackson Meeks (44248846),Jackson Meeks,44248846,TE/FLEX,2500,NYJ@DET 09/27/2026 01:00PM ET,DET,0,
TE,Thomas Gordon (44248848),Thomas Gordon,44248848,TE/FLEX,2500,NYJ@DET 09/27/2026 01:00PM ET,DET,0,
TE,Nate Boerkircher (44248850),Nate Boerkircher,44248850,TE/FLEX,2500,NE@JAX 09/27/2026 01:00PM ET,JAX,1,
TE,Quintin Morris (44248852),Quintin Morris,44248852,TE/FLEX,2500,NE@JAX 09/27/2026 01:00PM ET,JAX,0.9,
TE,Tanner Koziol (44248854),Tanner Koziol,44248854,TE/FLEX,2500,NE@JAX 09/27/2026 01:00PM ET,JAX,0,
TE,Hayden Rucci (44248856),Hayden Rucci,44248856,TE/FLEX,2500,LAC@BUF 09/27/2026 01:00PM ET,LAC,0,
TE,Cameron Latu (44248858),Cameron Latu,44248858,TE/FLEX,2500,NE@JAX 09/27/2026 01:00PM ET,NE,0,
TE,Tanner Arkin (44248860),Tanner Arkin,44248860,TE/FLEX,2500,NE@JAX 09/27/2026 01:00PM ET,NE,0,
TE,Julian Hill (44248862),Julian Hill,44248862,TE/FLEX,2500,NE@JAX 09/27/2026 01:00PM ET,NE,0,IR
TE,Will Kacmarek (44248864),Will Kacmarek,44248864,TE/FLEX,2500,KC@MIA 09/27/2026 01:00PM ET,MIA,0.7,
TE,Seydou Traore (44248866),Seydou Traore,44248866,TE/FLEX,2500,KC@MIA 09/27/2026 01:00PM ET,MIA,0,
TE,Justin Joly (44248868),Justin Joly,44248868,TE/FLEX,2500,KC@MIA 09/27/2026 01:00PM ET,MIA,0,
TE,Cole Turner (44248870),Cole Turner,44248870,TE/FLEX,2500,KC@MIA 09/27/2026 01:00PM ET,MIA,0,IR
TE,Cal Adomitis (44248872),Cal Adomitis,44248872,TE/FLEX,2500,LV@NO 09/27/2026 04:25PM ET,NO,0,
TE,Tre Watson (44248874),Tre Watson,44248874,TE/FLEX,2500,KC@MIA 09/27/2026 01:00PM ET,MIA,0,
TE,Jake Briningstool (44248876),Jake Briningstool,44248876,TE/FLEX,2500,KC@MIA 09/27/2026 01:00PM ET,KC,1,
TE,Jared Wiley (44248878),Jared Wiley,44248878,TE/FLEX,2500,KC@MIA 09/27/2026 01:00PM ET,KC,0,
TE,John Michael Gyllenborg (44248880),John Michael Gyllenborg,44248880,TE/FLEX,2500,KC@MIA 09/27/2026 01:00PM ET,KC,0,IR
TE,James Winchester (44248882),James Winchester,44248882,TE/FLEX,2500,KC@MIA 09/27/2026 01:00PM ET,KC,0,
TE,Thomas Odukoya (44248884),Thomas Odukoya,44248884,TE/FLEX,2500,KC@MIA 09/27/2026 01:00PM ET,KC,0,
TE,Charlie Kolar (44248886),Charlie Kolar,44248886,TE/FLEX,2500,LAC@BUF 09/27/2026 01:00PM ET,LAC,2.6,OUT
TE,Patrick Herbert (44248888),Patrick Herbert,44248888,TE/FLEX,2500,LAC@BUF 09/27/2026 01:00PM ET,LAC,0,
TE,Evan Svoboda (44248890),Evan Svoboda,44248890,TE/FLEX,2500,LAC@BUF 09/27/2026 01:00PM ET,LAC,0,
TE,Jackson Hawes (44248892),Jackson Hawes,44248892,TE/FLEX,2500,LAC@BUF 09/27/2026 01:00PM ET,BUF,0,
TE,Keleki Latu (44248894),Keleki Latu,44248894,TE/FLEX,2500,LAC@BUF 09/27/2026 01:00PM ET,BUF,0,
TE,Payne Durham (44248896),Payne Durham,44248896,TE/FLEX,2500,MIN@TB 09/27/2026 04:05PM ET,TB,0,
TE,Ko Kieft (44248898),Ko Kieft,44248898,TE/FLEX,2500,MIN@TB 09/27/2026 04:05PM ET,TB,0,
TE,Bauer Sharp (44248900),Bauer Sharp,44248900,TE/FLEX,2500,MIN@TB 09/27/2026 04:05PM ET,TB,0,
TE,CJ Dippre (44248902),CJ Dippre,44248902,TE/FLEX,2500,MIN@TB 09/27/2026 04:05PM ET,TB,0,
TE,Evan Deckers (44248904),Evan Deckers,44248904,TE/FLEX,2500,MIN@TB 09/27/2026 04:05PM ET,TB,0,
TE,Josh Oliver (44248906),Josh Oliver,44248906,TE/FLEX,2500,MIN@TB 09/27/2026 04:05PM ET,MIN,3.8,
TE,Gavin Bartholomew (44248908),Gavin Bartholomew,44248908,TE/FLEX,2500,MIN@TB 09/27/2026 04:05PM ET,MIN,0,
TE,Ben Yurosek (44248910),Ben Yurosek,44248910,TE/FLEX,2500,MIN@TB 09/27/2026 04:05PM ET,MIN,0,IR
TE,Andrew DePaola (44248912),Andrew DePaola,44248912,TE/FLEX,2500,MIN@TB 09/27/2026 04:05PM ET,MIN,0,
TE,Cam Grandy (44248914),Cam Grandy,44248914,TE/FLEX,2500,MIN@TB 09/27/2026 04:05PM ET,MIN,0,
TE,Durham Smythe (44248916),Durham Smythe,44248916,TE/FLEX,2500,BAL@DAL 09/27/2026 04:25PM ET,BAL,0.7,
TE,Matt Hibner (44248918),Matt Hibner,44248918,TE/FLEX,2500,BAL@DAL 09/27/2026 04:25PM ET,BAL,1.2,
TE,Josh Cuevas (44248920),Josh Cuevas,44248920,TE/FLEX,2500,BAL@DAL 09/27/2026 04:25PM ET,BAL,0,
TE,Ty Pezza (44248922),Ty Pezza,44248922,TE/FLEX,2500,BAL@DAL 09/27/2026 04:25PM ET,BAL,0,
TE,Nick Vannett (44248924),Nick Vannett,44248924,TE/FLEX,2500,BAL@DAL 09/27/2026 04:25PM ET,BAL,0,
TE,Brevyn Spann-Ford (44248926),Brevyn Spann-Ford,44248926,TE/FLEX,2500,BAL@DAL 09/27/2026 04:25PM ET,DAL,1.7,
TE,Luke Schoonmaker (44248928),Luke Schoonmaker,44248928,TE/FLEX,2500,BAL@DAL 09/27/2026 04:25PM ET,DAL,1.1,
TE,Princeton Fant (44248930),Princeton Fant,44248930,TE/FLEX,2500,BAL@DAL 09/27/2026 04:25PM ET,DAL,0,IR
TE,DJ Rogers (44248932),DJ Rogers,44248932,TE/FLEX,2500,BAL@DAL 09/27/2026 04:25PM ET,DAL,0,IR
TE,Michael Trigg (44248934),Michael Trigg,44248934,TE/FLEX,2500,BAL@DAL 09/27/2026 04:25PM ET,DAL,0,
TE,James Mitchell (44248936),James Mitchell,44248936,TE/FLEX,2500,BAL@DAL 09/27/2026 04:25PM ET,DAL,0,
DST,Bears (44248957),Bears,44248957,DST,2500,PHI@CHI 09/28/2026 08:15PM ET,CHI,6.5,
DST,Colts (44248958),Colts,44248958,DST,2500,HOU@IND 09/27/2026 01:00PM ET,IND,0.5,
DST,Browns (44248959),Browns,44248959,DST,2500,CAR@CLE 09/27/2026 01:00PM ET,CLE,3,
TE,Brenden Bates (44284137),Brenden Bates,44284137,TE/FLEX,2500,NE@JAX 09/27/2026 01:00PM ET,JAX,0,
TE,Cody Hardy (44284139),Cody Hardy,44284139,TE/FLEX,2500,NYJ@DET 09/27/2026 01:00PM ET,NYJ,0,
TE,Luke Basso (44284141),Luke Basso,44284141,TE/FLEX,2500,KC@MIA 09/27/2026 01:00PM ET,MIA,0,
TE,Tanner Conner (44284143),Tanner Conner,44284143,TE/FLEX,2500,NE@JAX 09/27/2026 01:00PM ET,NE,0,
DST,Titans (44248960),Titans,44248960,DST,2400,TEN@NYG 09/27/2026 01:00PM ET,TEN,3.5,
DST,Cowboys (44248961),Cowboys,44248961,DST,2400,BAL@DAL 09/27/2026 04:25PM ET,DAL,3,
DST,Broncos (44248962),Broncos,44248962,DST,2300,LAR@DEN 09/27/2026 08:20PM ET,DEN,5.5,
DST,Cardinals (44248963),Cardinals,44248963,DST,2300,ARI@SF 09/27/2026 04:05PM ET,ARI,6,
DST,Commanders (44248964),Commanders,44248964,DST,2300,SEA@WAS 09/27/2026 01:00PM ET,WAS,0.5,
DST,Chargers (44248965),Chargers,44248965,DST,2200,LAC@BUF 09/27/2026 01:00PM ET,LAC,2.5,
DST,Jets (44248966),Jets,44248966,DST,2100,NYJ@DET 09/27/2026 01:00PM ET,NYJ,7.5,
DST,Dolphins (44248967),Dolphins,44248967,DST,2000,KC@MIA 09/27/2026 01:00PM ET,MIA,0,
