"Player","Team","POS","ATT","YDS","TDS","REC","YDS","TDS","FL","FPTS"
" "," ","","",""
"Jahmyr Gibbs","DET","RB1","20.1","98.8","0.9","4.2","33.9","0.3","0.1","24.6"
"Jaxon Smith-Njigba","SEA","WR1","0.4","2.2","0.0","6.6","98.5","0.6","0.0","20.6"
"Amon-Ra St. Brown","DET","WR2","0.3","1.2","0.0","7.1","85.8","0.7","0.0","20.3"
"Christian McCaffrey","SF","RB2","15.0","66.3","0.6","4.5","38.5","0.3","0.1","20.1"
"Bijan Robinson","ATL","RB3","17.5","77.9","0.4","4.4","38.1","0.2","0.1","19.7"
"Kenneth Walker III","KC","RB4","17.8","83.2","0.6","3.5","28.4","0.2","0.1","19.5"
"Jonathan Taylor","IND","RB5","20.3","85.9","0.8","2.9","23.5","0.1","0.1","19.0"
"Chris Olave","NO","WR3","0.1","0.3","0.0","6.2","82.2","0.6","0.0","18.1"
"CeeDee Lamb","DAL","WR4","0.4","2.0","0.0","6.4","84.7","0.5","0.0","18.1"
"Ja'Marr Chase","CIN","WR5","0.2","0.8","0.0","6.5","79.2","0.5","0.0","17.7"
"Derrick Henry","BAL","RB6","17.9","96.3","0.9","1.4","13.1","0.1","0.1","17.6"
"De'Von Achane","MIA","RB7","14.7","68.9","0.3","4.2","30.8","0.2","0.1","17.2"
"Trey McBride","ARI","TE1","0.0","0.2","0.0","7.2","66.8","0.5","0.0","16.8"
"Chase Brown","CIN","RB8","16.0","65.4","0.4","4.0","25.0","0.2","0.1","16.6"
"Garrett Wilson","NYJ","WR6","0.2","0.9","0.0","6.0","73.1","0.5","0.0","16.5"
"DeVonta Smith","PHI","WR7","0.0","0.1","0.0","6.0","80.1","0.4","0.0","16.5"
"Ashton Jeanty","LV","RB9","17.1","63.0","0.5","3.6","23.4","0.2","0.1","16.4"
"James Cook III","BUF","RB10","17.5","83.7","0.7","2.0","15.9","0.1","0.1","16.3"
"Justin Jefferson","MIN","WR8","0.1","0.4","0.0","5.9","75.8","0.5","0.0","16.3"
"Breece Hall","NYJ","RB11","14.4","64.3","0.4","3.3","28.3","0.2","0.1","15.7"
"Saquon Barkley","PHI","RB12","17.0","81.2","0.4","2.4","18.9","0.1","0.1","15.5"
"Jaylen Warren","PIT","RB13","14.8","70.2","0.4","3.2","24.7","0.1","0.1","15.5"
"Zay Flowers","BAL","WR9","0.5","2.6","0.0","4.9","76.5","0.5","0.0","15.5"
"Javonte Williams","DAL","RB14","16.1","62.7","0.7","2.8","15.8","0.1","0.1","15.1"
"Parker Washington","JAC","WR10","0.6","2.2","0.0","5.1","69.8","0.4","0.0","14.9"
"George Pickens","DAL","WR11","0.0","0.1","0.0","5.2","73.8","0.4","0.0","14.9"
"Rashee Rice","KC","WR12","0.3","1.4","0.0","5.1","61.0","0.5","0.0","14.8"
"Christian Watson","GB","WR13","0.2","1.2","0.0","4.0","68.2","0.6","0.0","14.7"
"Omarion Hampton","LAC","RB15","15.1","68.5","0.6","2.5","15.3","0.1","0.1","14.6"
"Drake London","ATL","WR14","0.1","0.5","0.0","5.2","67.9","0.4","0.0","14.4"
"Davante Adams","LAR","WR15","0.0","0.0","0.0","4.8","66.7","0.5","0.0","14.4"
"Ladd McConkey","LAC","WR16","0.0","0.2","0.0","5.2","65.2","0.4","0.0","14.1"
"Chuba Hubbard","CAR","RB16","15.5","65.4","0.4","2.4","15.3","0.2","0.1","13.9"
"Cam Skattebo","NYG","RB17","16.3","68.9","0.5","1.8","15.1","0.1","0.1","13.9"
"Mike Evans","SF","WR17","0.0","0.0","0.0","4.4","61.4","0.5","0.0","13.7"
"Jalen Coker","CAR","WR18","0.0","0.1","0.0","5.0","61.1","0.4","0.0","13.7"
"Tetairoa McMillan","CAR","WR19","0.0","0.1","0.0","4.6","67.7","0.4","0.1","13.6"
"Quinshon Judkins","CLE","RB18","15.9","61.9","0.5","2.5","16.0","0.1","0.1","13.5"
"Jeremiyah Love","ARI","RB19","12.0","50.2","0.4","3.2","22.9","0.1","0.1","13.4"
"Bucky Irving","TB","RB20","14.8","58.7","0.4","2.8","20.7","0.1","0.1","13.4"
"Tee Higgins","CIN","WR20","0.0","0.1","0.0","4.3","63.4","0.4","0.0","13.2"
"Brock Bowers","LV","TE2","0.3","1.1","0.0","5.2","51.7","0.4","0.0","13.0"
"Aaron Jones Sr.","MIN","RB21","15.9","64.0","0.4","2.2","16.0","0.1","0.1","13.0"
"Kyren Williams","LAR","RB22","13.1","59.8","0.5","2.1","13.6","0.1","0.1","13.0"
"David Montgomery","HOU","RB23","14.6","56.2","0.6","1.8","14.2","0.1","0.1","13.0"
"Jaylen Waddle","DEN","WR21","0.1","0.8","0.0","4.7","62.6","0.3","0.0","12.9"
"Malik Nabers","NYG","WR22","0.2","0.5","0.0","4.6","60.9","0.4","0.0","12.8"
"Dalton Kincaid","BUF","TE3","0.0","0.0","0.0","4.5","60.3","0.4","0.0","12.7"
"D'Andre Swift","CHI","RB24","13.9","60.5","0.5","1.9","15.1","0.1","0.1","12.5"
"Travis Kelce","KC","TE4","0.0","0.0","0.0","4.8","54.2","0.4","0.0","12.4"
"George Kittle","SF","TE5","0.0","0.0","0.0","4.3","54.0","0.4","0.0","12.3"
"Jameson Williams","DET","WR23","0.6","3.2","0.0","3.6","58.2","0.4","0.0","12.1"
"Deebo Samuel Sr.","SF","WR24","1.4","6.2","0.1","4.1","48.5","0.3","0.0","11.9"
"DJ Moore","BUF","WR25","0.5","2.5","0.0","3.8","52.1","0.4","0.0","11.9"
"Sam LaPorta","DET","TE6","0.0","0.1","0.0","4.5","48.8","0.4","0.0","11.9"
"Mark Andrews","BAL","TE7","0.4","1.8","0.0","4.4","45.7","0.4","0.0","11.7"
"Tyler Warren","IND","TE8","0.5","1.5","0.0","4.5","46.8","0.4","0.0","11.5"
"DK Metcalf","PIT","WR26","0.1","0.4","0.0","3.7","54.6","0.4","0.0","11.4"
"Josh Downs","IND","WR27","0.1","0.3","0.0","4.5","52.9","0.3","0.0","11.4"
"Dalton Schultz","HOU","TE9","0.0","0.0","0.0","4.8","50.0","0.3","0.0","11.3"
"Travis Etienne Jr.","NO","RB25","11.7","45.0","0.3","2.4","17.1","0.2","0.1","11.2"
"Michael Wilson","ARI","WR28","0.0","0.1","0.0","4.2","52.7","0.3","0.0","11.1"
"Matthew Golden","GB","WR29","0.4","2.0","0.0","3.8","51.3","0.3","0.0","11.0"
"Romeo Doubs","NE","WR30","0.0","0.0","0.0","3.9","53.9","0.3","0.0","11.0"
"Emeka Egbuka","TB","WR31","0.2","0.7","0.0","3.6","52.4","0.3","0.0","10.9"
"Tucker Kraft","GB","TE10","0.0","0.1","0.0","3.7","48.7","0.4","0.0","10.9"
"Hunter Henry","NE","TE11","0.0","0.0","0.0","4.2","47.9","0.3","0.0","10.9"
"Tony Pollard","TEN","RB26","13.2","65.3","0.3","1.6","9.1","0.0","0.1","10.9"
"Rhamondre Stevenson","NE","RB27","9.8","41.2","0.3","2.5","19.9","0.1","0.1","10.9"
"Terry McLaurin","WAS","WR32","0.1","0.3","0.0","3.9","53.1","0.3","0.0","10.9"
"Jadarian Price","SEA","RB28","12.8","58.1","0.4","1.2","11.3","0.1","0.1","10.8"
"Xavier Worthy","KC","WR33","0.8","4.6","0.1","3.5","43.4","0.3","0.0","10.7"
"Denzel Boston","CLE","WR34","0.0","0.3","0.0","3.8","50.0","0.3","0.0","10.7"
"Isaiah Likely","NYG","TE12","0.0","0.0","0.0","4.2","45.7","0.3","0.0","10.6"
"Bhayshul Tuten","JAC","RB29","12.6","51.9","0.4","1.4","9.7","0.1","0.1","10.5"
"Stefon Diggs","WAS","WR35","0.0","0.1","0.0","4.4","45.9","0.2","0.0","10.4"
"KC Concepcion Jr.","CLE","WR36","1.1","5.1","0.0","3.9","43.2","0.3","0.1","10.3"
"Michael Pittman Jr.","PIT","WR37","0.0","0.1","0.0","4.2","45.5","0.3","0.0","10.3"
"Luther Burden III","CHI","WR38","0.6","2.4","0.0","3.9","49.0","0.2","0.0","10.3"
"Quentin Johnston","LAC","WR39","0.2","0.9","0.0","3.4","47.4","0.3","0.0","10.3"
"Rashod Bateman","BAL","WR40","0.0","0.1","0.0","3.2","46.9","0.4","0.0","10.3"
"Juwan Johnson","NO","TE13","0.0","0.0","0.0","4.0","47.0","0.3","0.0","10.2"
"Devaughn Vele","NO","WR41","0.0","0.1","0.0","3.8","44.9","0.3","0.0","10.2"
"TreVeyon Henderson","NE","RB30","10.4","46.0","0.4","1.8","11.7","0.1","0.1","10.2"
"Harold Fannin Jr.","CLE","TE14","0.4","1.7","0.0","4.1","41.0","0.3","0.0","10.2"
"J.K. Dobbins","DEN","RB31","12.8","59.9","0.3","1.2","6.4","0.1","0.0","10.1"
"Courtland Sutton","DEN","WR42","0.0","0.0","0.0","3.6","46.3","0.3","0.0","10.1"
"Khalil Shakir","BUF","WR43","0.1","0.4","0.0","4.0","44.1","0.2","0.0","9.9"
"Brian Thomas Jr.","JAC","WR44","0.2","1.0","0.0","3.4","46.5","0.3","0.0","9.8"
"RJ Harvey","DEN","RB32","7.2","28.5","0.2","2.8","19.8","0.2","0.0","9.8"
"Jakobi Meyers","JAC","WR45","0.3","1.3","0.0","3.8","42.6","0.3","0.0","9.8"
"Dontayvion Wicks","PHI","WR46","0.0","0.1","0.0","3.4","45.1","0.3","0.0","9.7"
"Chris Godwin Jr.","TB","WR47","0.3","1.4","0.0","3.7","42.5","0.3","0.0","9.6"
"Jordan Addison","MIN","WR48","0.2","2.0","0.0","3.2","42.8","0.3","0.0","9.6"
"Kayshon Boutte","HOU","WR49","0.0","0.0","0.0","3.2","47.5","0.3","0.0","9.6"
"Colston Loveland","CHI","TE15","0.2","0.8","0.0","3.7","39.8","0.3","0.0","9.5"
"Adonai Mitchell","NYJ","WR50","0.1","0.2","0.0","3.2","47.3","0.3","0.0","9.5"
"Carnell Tate","TEN","WR51","0.0","0.3","0.0","3.6","44.6","0.2","0.0","9.3"
"Kyle Pitts Sr.","ATL","TE16","0.0","0.0","0.0","3.8","40.2","0.2","0.0","9.2"
"Malik Washington","MIA","WR52","0.7","3.5","0.0","3.8","38.7","0.2","0.1","9.1"
"Jake Ferguson","DAL","TE17","0.0","0.0","0.0","3.9","32.3","0.3","0.0","9.1"
"Puka Nacua","LAR","WR53","0.3","1.3","0.0","3.3","43.2","0.2","0.0","9.1"
"Brenton Strange","JAC","TE18","0.0","0.0","0.0","3.6","36.5","0.3","0.0","8.9"
"Tre Tucker","LV","WR54","0.4","1.7","0.0","3.1","41.3","0.2","0.0","8.9"
"Wan'Dale Robinson","TEN","WR55","0.2","1.2","0.0","3.9","38.7","0.2","0.0","8.8"
"Jacory Croskey-Merritt","WAS","RB33","12.7","50.7","0.4","0.9","5.5","0.0","0.1","8.8"
"Xavier Hutchinson","HOU","WR56","0.1","0.5","0.0","3.2","43.2","0.2","0.0","8.8"
"Rome Odunze","CHI","WR57","0.0","0.1","0.0","3.0","43.0","0.3","0.0","8.8"
"Terrance Ferguson","LAR","TE19","0.0","0.1","0.0","3.1","37.9","0.3","0.0","8.7"
"Mack Hollins","NE","WR58","0.0","0.1","0.0","3.3","41.2","0.2","0.0","8.7"
"Oronde Gadsden II","LAC","TE20","0.0","0.0","0.0","3.3","39.2","0.3","0.0","8.7"
"MarShawn Lloyd","GB","RB34","10.5","43.2","0.4","1.0","7.9","0.1","0.1","8.6"
"Tyjae Spears","TEN","RB35","6.8","31.3","0.2","2.3","15.5","0.1","0.0","8.5"
"Keenan Allen","IND","WR59","0.0","0.0","0.0","3.6","38.4","0.2","0.0","8.5"
"Rashid Shaheed","SEA","WR60","0.8","5.0","0.0","2.7","39.6","0.2","0.0","8.5"
"Blake Corum","LAR","RB36","11.6","53.8","0.3","0.7","4.4","0.0","0.0","8.5"
"Ryan Flournoy","DAL","WR61","0.1","0.6","0.0","3.3","37.3","0.2","0.0","8.4"
"Kenyon Sadiq","NYJ","TE21","0.0","0.2","0.0","3.5","34.9","0.2","0.0","8.4"
"Pat Freiermuth","PIT","TE22","0.0","0.1","0.0","3.3","34.5","0.3","0.0","8.2"
"T.J. Hockenson","MIN","TE23","0.0","0.0","0.0","3.6","33.3","0.2","0.0","8.1"
"DeMario Douglas","NE","WR62","0.3","1.0","0.0","3.2","37.1","0.2","0.0","8.1"
"Woody Marks","HOU","RB37","9.0","34.5","0.2","1.7","13.0","0.1","0.0","8.0"
"Marvin Harrison Jr.","ARI","WR63","0.0","0.0","0.0","2.7","38.8","0.2","0.0","8.0"
"AJ Barner","SEA","TE24","0.6","2.3","0.1","2.8","28.2","0.3","0.0","8.0"
"Kenny Gainwell","TB","RB38","6.7","26.9","0.2","2.2","14.4","0.1","0.0","7.8"
"Kyle Monangai","CHI","RB39","9.8","42.9","0.2","1.2","9.2","0.0","0.0","7.7"
"Alvin Kamara","NO","RB40","7.7","28.5","0.2","2.1","12.7","0.1","0.0","7.7"
"Makai Lemon","PHI","WR64","0.2","0.8","0.0","2.8","33.1","0.2","0.0","7.3"
"Cade Otton","TB","TE25","0.0","0.0","0.0","3.1","30.4","0.2","0.0","7.3"
"Tyler Allgeier","ARI","RB41","8.4","32.1","0.2","1.4","9.6","0.0","0.0","7.1"
"Cooper Kupp","SEA","WR65","0.0","0.2","0.0","2.5","33.4","0.2","0.0","7.1"
"Jaylin Noel","HOU","WR66","0.2","1.2","0.0","2.4","34.2","0.2","0.0","7.0"
"Greg Dulcich","MIA","TE26","0.0","0.0","0.0","3.0","32.3","0.1","0.0","7.0"
"Jauan Jennings","MIN","WR67","0.0","0.0","0.0","2.6","29.8","0.2","0.0","7.0"
"Rachaad White","WAS","RB42","6.6","26.2","0.1","2.1","12.5","0.1","0.0","7.0"
"Malachi Fields","NYG","WR68","0.0","0.2","0.0","2.4","33.3","0.2","0.0","7.0"
"Emanuel Wilson","SEA","RB43","8.8","38.9","0.3","0.8","5.7","0.0","0.0","6.9"
"Darren Waller","CAR","TE27","0.0","0.0","0.0","2.5","26.0","0.3","0.0","6.8"
"Tre' Harris","LAC","WR69","0.0","0.3","0.0","2.6","32.3","0.2","0.0","6.8"
"Mike Gesicki","CIN","TE28","0.0","0.0","0.0","2.6","29.1","0.2","0.0","6.7"
"Pat Bryant","DEN","WR70","0.2","1.2","0.0","2.6","29.6","0.2","0.0","6.6"
"Kendrick Bourne","ARI","WR71","0.0","0.0","0.0","2.7","31.3","0.1","0.0","6.6"
"Calvin Ridley","TEN","WR72","0.1","0.7","0.0","2.2","32.5","0.2","0.0","6.5"
"Jerry Jeudy","CLE","WR73","0.0","0.2","0.0","2.5","30.1","0.2","0.0","6.5"
"Keon Coleman","BUF","WR74","0.0","0.1","0.0","2.2","29.4","0.2","0.0","6.4"
"Chris Bell","MIA","WR75","0.0","0.2","0.0","2.4","32.1","0.1","0.0","6.4"
"Kaelon Black","SF","RB44","8.2","34.6","0.2","0.8","6.4","0.0","0.0","6.4"
"Kalif Raymond","CHI","WR76","0.2","0.8","0.0","2.7","28.7","0.1","0.0","6.3"
"Gunnar Helm","TEN","TE29","0.0","0.0","0.0","2.8","24.1","0.2","0.0","6.3"
"Justice Hill","BAL","RB45","3.3","15.4","0.1","1.9","16.1","0.1","0.0","6.2"
"Braelon Allen","NYJ","RB46","6.5","27.3","0.3","1.0","7.2","0.1","0.0","6.2"
"Jalen Nailor","LV","WR77","0.1","0.4","0.0","2.1","28.0","0.2","0.0","6.2"
"Tyquan Thornton","KC","WR78","0.0","0.0","0.0","1.9","31.0","0.2","0.0","6.1"
"Evan Engram","DEN","TE30","0.0","0.0","0.0","2.8","24.0","0.1","0.0","6.0"
"Chris Brooks","GB","RB47","5.4","23.5","0.1","1.3","9.5","0.1","0.0","5.8"
"Bryce Lance","NO","WR79","0.0","0.1","0.0","2.1","27.0","0.2","0.0","5.7"
"Jared Wayne","HOU","WR80","0.0","0.1","0.0","2.1","26.5","0.1","0.0","5.6"
"Antonio Williams","WAS","WR81","0.1","0.3","0.0","2.2","25.9","0.1","0.0","5.6"
"Isaac TeSlaa","DET","WR82","0.0","0.1","0.0","1.7","24.1","0.2","0.0","5.6"
"Colby Parkinson","LAR","TE31","0.0","0.0","0.0","2.2","21.9","0.2","0.0","5.6"
"Emmett Johnson","KC","RB48","5.1","21.7","0.2","1.0","9.2","0.1","0.0","5.5"
"Keaton Mitchell","LAC","RB49","5.0","25.5","0.1","1.0","7.8","0.0","0.0","5.5"
"Jahan Dotson","ATL","WR83","0.0","0.0","0.0","2.1","25.4","0.1","0.0","5.5"
"Darnell Mooney","NYG","WR84","0.1","0.3","0.0","1.8","28.5","0.1","0.0","5.4"
"Kaleb Johnson","GB","RB50","8.0","30.8","0.2","0.5","3.5","0.0","0.0","5.3"
"Jalen McMillan","TB","WR85","0.1","0.8","0.0","1.9","23.6","0.2","0.0","5.2"
"Samaje Perine","CIN","RB51","4.5","18.2","0.1","1.4","10.8","0.0","0.0","5.1"
"Xavier Legette","CAR","WR86","0.1","0.4","0.0","1.9","22.0","0.2","0.0","5.1"
"Eli Heidenreich","PIT","RB52","5.3","23.5","0.2","0.8","6.9","0.0","0.0","5.1"
"Roman Wilson","PIT","WR87","0.0","0.2","0.0","2.0","23.0","0.1","0.0","5.1"
"Brian Robinson Jr.","ATL","RB53","7.2","28.4","0.2","0.6","4.0","0.0","0.0","5.1"
"Michael Mayer","LV","TE32","0.0","0.0","0.0","2.4","20.6","0.1","0.0","5.1"
"Ted Hurst III","TB","WR88","0.0","0.2","0.0","1.8","23.7","0.1","0.0","5.0"
"Isaiah Williams","NYJ","WR89","0.2","1.1","0.0","2.2","20.3","0.1","0.0","4.9"
"George Holani","SEA","RB54","5.0","20.9","0.2","1.0","7.7","0.0","0.0","4.9"
"Laquon Treadwell","IND","WR90","0.0","0.1","0.0","1.6","26.0","0.1","0.0","4.8"
"Devin Singletary","NYG","RB55","5.2","20.7","0.1","1.0","7.1","0.0","0.0","4.8"
"Kevin Coleman Jr.","MIA","WR91","0.0","0.0","0.0","1.8","24.0","0.1","0.0","4.7"
"Elic Ayomanor","TEN","WR92","0.0","0.0","0.0","1.6","22.9","0.1","0.0","4.7"
"Germie Bernard","PIT","WR93","0.1","0.4","0.0","1.8","22.1","0.1","0.0","4.7"
"Chris Rodriguez Jr.","JAC","RB56","6.5","26.9","0.3","0.3","2.1","0.0","0.0","4.7"
"Jack Bech","LV","WR94","0.0","0.1","0.0","1.8","20.8","0.1","0.0","4.5"
"Dawson Knox","BUF","TE33","0.0","0.0","0.0","1.5","16.9","0.2","0.0","4.4"
"Travis Homer","PIT","RB57","2.8","14.2","0.1","1.1","8.7","0.1","0.0","4.3"
"Tank Bigsby","PHI","RB58","4.6","21.9","0.2","0.5","3.6","0.0","0.0","4.2"
"Darnell Washington","PIT","TE34","0.2","0.7","0.0","1.6","17.7","0.1","0.0","4.1"
"Jonnu Smith","GB","TE35","0.0","0.1","0.0","1.7","15.6","0.1","0.0","4.1"
"Mike Washington Jr.","LV","RB59","4.9","19.1","0.1","0.6","5.2","0.0","0.0","4.1"
"AJ Dillon","CAR","RB60","5.3","21.4","0.1","0.6","4.8","0.0","0.1","4.0"
"Noah Fant","NO","TE36","0.0","0.0","0.0","1.7","15.8","0.1","0.0","3.9"
"Tommy Tremble","CAR","TE37","0.0","0.0","0.0","1.7","14.8","0.1","0.0","3.9"
"Raheim Sanders","CLE","RB61","3.2","13.1","0.1","1.0","7.1","0.1","0.0","3.9"
"Skyy Moore","GB","WR95","0.3","1.3","0.0","1.4","16.9","0.1","0.0","3.9"
"Rico Dowdle","PIT","RB62","4.9","22.2","0.1","0.5","3.7","0.0","0.0","3.9"
"Jordan Whittington","LAR","WR96","0.1","0.5","0.0","1.5","16.9","0.1","0.0","3.8"
"Kyle Williams","NE","WR97","0.1","0.5","0.0","1.3","18.8","0.1","0.0","3.8"
"LaJohntay Wester","BAL","WR98","0.0","0.1","0.0","1.3","17.3","0.1","0.0","3.8"
"Joshua Palmer","BUF","WR99","0.0","0.0","0.0","1.2","18.2","0.1","0.0","3.7"
"Devontez Walker","BAL","WR100","0.0","0.1","0.0","1.1","19.4","0.1","0.0","3.7"
"DeeJay Dallas","MIN","RB63","3.5","14.3","0.1","1.0","6.4","0.0","0.0","3.7"
"Dyami Brown","WAS","WR101","0.0","0.2","0.0","1.4","16.5","0.1","0.0","3.6"
"Chris Moore","BAL","WR102","0.0","0.0","0.0","1.1","18.4","0.1","0.0","3.6"
"Zach Ertz","PHI","TE38","0.0","0.0","0.0","1.4","14.5","0.1","0.0","3.5"
"Olamide Zaccheaus","ATL","WR103","0.1","0.4","0.0","1.4","15.1","0.1","0.0","3.5"
"Colbie Young","CIN","WR104","0.0","0.2","0.0","1.3","15.8","0.1","0.0","3.5"
"Theo Johnson","NYG","TE39","0.0","0.0","0.0","1.3","15.2","0.1","0.0","3.4"
"Johnny Mundt","PHI","TE40","0.0","0.0","0.0","1.3","14.2","0.1","0.0","3.4"
"Emari Demercado","DAL","RB64","3.9","18.8","0.1","0.6","4.2","0.0","0.0","3.4"
"Casey Washington","CAR","WR105","0.0","0.0","0.0","1.3","14.6","0.1","0.0","3.3"
"Zachariah Branch","ATL","WR106","0.1","0.4","0.0","1.3","14.9","0.1","0.0","3.3"
"Darius Cooper","PHI","WR107","0.0","0.1","0.0","1.2","14.8","0.1","0.0","3.3"
"DJ Herman","MIA","LB1","0.0","0.0","0.0","1.4","18.4","0.0","0.0","3.2"
"Ryan Miller","MIA","WR108","0.0","0.0","0.0","1.1","16.2","0.1","0.0","3.2"
"Dohnte Meyers","CIN","WR109","0.3","1.5","0.0","1.1","13.5","0.1","0.0","3.2"
"Josh Oliver","MIN","TE41","0.0","0.0","0.0","1.2","12.8","0.1","0.0","3.2"
"Cole Kmet","CHI","TE42","0.0","0.0","0.0","1.4","12.7","0.1","0.0","3.2"
"Eli Raridon","NE","TE43","0.0","0.0","0.0","1.2","13.1","0.1","0.0","3.1"
"Najee Harris","NYG","RB65","4.4","17.4","0.1","0.4","2.7","0.0","0.0","3.1"
"Erick All Jr.","CIN","TE44","0.0","0.0","0.0","1.4","12.0","0.1","0.0","3.1"
"Travis Hunter","JAC","WR110","0.3","1.4","0.0","1.1","12.3","0.1","0.0","3.1"
"Ty Johnson","BUF","RB66","1.9","7.8","0.1","0.7","7.4","0.1","0.0","3.0"
"Kyle Juszczyk","SF","RB67","0.3","0.9","0.0","1.2","11.1","0.1","0.0","3.0"
"Jacob Cowing","SF","WR111","0.0","0.1","0.0","1.0","13.2","0.1","0.0","2.9"
"Tory Horton","SEA","WR112","0.0","0.2","0.0","0.9","12.9","0.1","0.0","2.9"
"Foster Moreau","HOU","TE45","0.0","0.0","0.0","1.1","11.9","0.1","0.0","2.9"
"Noah Gray","KC","TE46","0.0","0.0","0.0","1.2","11.5","0.1","0.0","2.9"
"Sione Vaki","DET","RB68","3.5","14.7","0.1","0.4","3.7","0.0","0.0","2.9"
"Jalen Tolbert","MIA","WR113","0.0","0.0","0.0","1.0","13.4","0.1","0.0","2.9"
"Ben Sinnott","WAS","TE47","0.0","0.0","0.0","1.3","10.9","0.1","0.0","2.8"
"Ollie Gordon II","MIA","RB69","4.5","13.4","0.1","0.5","2.9","0.0","0.0","2.8"
"Jeremy Ruckert","NYJ","TE48","0.0","0.0","0.0","1.3","10.5","0.1","0.0","2.8"
"Troy Franklin","DEN","WR114","0.1","0.5","0.0","1.0","12.0","0.1","0.0","2.8"
"Konata Mumpfield","LAR","WR115","0.0","0.1","0.0","1.1","12.3","0.1","0.0","2.8"
"Chig Okonkwo","WAS","TE49","0.0","0.0","0.0","1.2","11.4","0.1","0.0","2.8"
"Mitchell Evans","CAR","TE50","0.7","4.0","0.0","0.9","7.8","0.1","0.0","2.7"
"John Bates","WAS","TE51","0.0","0.0","0.0","1.3","10.6","0.1","0.0","2.7"
"Isaiah Bond","CLE","WR116","0.1","0.9","0.0","0.7","13.8","0.1","0.0","2.6"
"Andrei Iosivas","CIN","WR117","0.5","2.6","0.0","0.8","10.5","0.1","0.0","2.6"
"Tez Johnson","TB","WR118","0.3","0.9","0.0","0.8","11.0","0.1","0.0","2.6"
"Elijah Arroyo","SEA","TE52","0.0","0.0","0.0","1.0","11.9","0.1","0.0","2.6"
"Durham Smythe","BAL","TE53","0.0","0.0","0.0","1.1","10.7","0.1","0.0","2.6"
"KaVontae Turpin","DAL","WR119","0.9","5.3","0.0","0.7","9.0","0.1","0.0","2.6"
"Will Kacmarek","MIA","TE54","0.0","0.0","0.0","1.1","10.2","0.1","0.0","2.5"
"Chimere Dike","TEN","WR120","0.4","1.3","0.0","0.9","9.4","0.1","0.1","2.5"
"Marvin Mims Jr.","DEN","WR121","0.4","2.1","0.0","0.9","8.8","0.1","0.0","2.5"
"Daniel Bellinger","TEN","TE55","0.0","0.0","0.0","1.0","10.7","0.1","0.0","2.4"
"Hayden Rucci","LAC","TE56","0.0","0.0","0.0","0.9","9.5","0.1","0.0","2.4"
"Drew Sample","CIN","TE57","0.0","0.0","0.0","1.1","9.3","0.1","0.0","2.4"
"Blake Whiteheart","CLE","TE58","0.0","0.0","0.0","1.0","9.0","0.1","0.0","2.4"
"Marlin Klein","HOU","TE59","0.0","0.0","0.0","1.0","11.5","0.0","0.0","2.4"
"Austin Hooper","ATL","TE60","0.0","0.0","0.0","0.9","9.3","0.1","0.0","2.3"
"Tutu Atwell","LAR","WR122","0.0","0.0","0.0","0.8","12.7","0.0","0.0","2.2"
"Adam Trautman","DEN","TE61","0.0","0.0","0.0","1.0","9.4","0.1","0.0","2.2"
"Demond Claiborne","MIN","RB70","2.1","8.1","0.1","0.5","4.1","0.0","0.0","2.2"
"Xavier Smith","LAR","WR123","0.0","0.1","0.0","0.9","11.2","0.0","0.0","2.2"
"Matt Hibner","BAL","TE62","0.0","0.0","0.0","0.8","9.4","0.1","0.0","2.2"
"Jalen Royals","KC","WR124","0.0","0.2","0.0","0.8","9.3","0.1","0.0","2.2"
"Nate Adkins","DEN","TE63","0.1","0.2","0.0","0.8","7.0","0.1","0.0","2.2"
"Will Shipley","PHI","RB71","1.8","6.7","0.0","0.7","5.1","0.0","0.0","2.1"
"Brock Wright","DET","TE64","0.0","0.0","0.0","0.9","7.9","0.1","0.0","2.1"
"Jared Wiley","KC","TE65","0.0","0.0","0.0","0.8","7.1","0.1","0.0","2.1"
"Seth McGowan","IND","RB72","2.4","9.1","0.1","0.4","2.6","0.0","0.0","2.1"
"Tyler Higbee","LAR","TE66","0.0","0.0","0.0","0.8","8.9","0.1","0.0","2.1"
"Ameer Abdullah","JAC","RB73","1.6","6.9","0.0","0.7","4.2","0.0","0.0","2.1"
"Nicholas Singleton","TEN","RB74","2.9","12.9","0.1","0.1","1.1","0.0","0.0","2.0"
"Jahdae Walker","CHI","WR125","0.0","0.1","0.0","0.7","8.3","0.1","0.0","2.0"
"Luke Farrell","SF","TE67","0.0","0.0","0.0","0.8","7.6","0.1","0.0","2.0"
"Oscar Delp","NO","TE68","0.0","0.0","0.0","0.8","7.2","0.1","0.0","1.9"
"Darius Slayton","IND","WR126","0.0","0.0","0.0","0.7","10.3","0.0","0.0","1.9"
"Elijah Higgins","ARI","TE69","0.0","0.0","0.0","0.9","7.8","0.0","0.0","1.9"
"Hollywood Brown","PHI","WR127","0.1","0.8","0.0","0.6","7.7","0.1","0.0","1.9"
"Ray Davis","BUF","RB75","2.4","10.4","0.1","0.2","1.9","0.0","0.0","1.8"
"Nate Boerkircher","JAC","TE70","0.0","0.0","0.0","0.8","7.8","0.0","0.0","1.8"
"Tyler Badie","DEN","RB76","0.6","2.4","0.0","0.8","5.7","0.0","0.0","1.8"
"Kendre Miller","NO","RB77","2.6","10.2","0.1","0.1","0.9","0.0","0.0","1.8"
"Bo Melton","GB","WR128","0.1","0.7","0.0","0.6","8.4","0.0","0.0","1.8"
"LeQuint Allen Jr.","JAC","RB78","1.4","5.5","0.0","0.6","3.9","0.0","0.0","1.8"
"KhaDarel Hodge","SF","WR129","0.0","0.0","0.0","0.6","8.9","0.0","0.0","1.8"
"Derius Davis","LAC","WR130","0.1","0.5","0.0","0.7","7.7","0.0","0.0","1.7"
"Jaylen Wright","MIA","RB79","1.7","7.1","0.0","0.4","3.6","0.0","0.0","1.7"
"Davis Allen","LAR","TE71","0.0","0.0","0.0","0.8","7.0","0.0","0.0","1.7"
"CJ Donaldson","NO","RB80","1.4","5.7","0.0","0.5","3.3","0.0","0.0","1.7"
"E.J. Jenkins","PHI","TE72","0.0","0.0","0.0","0.7","7.1","0.0","0.0","1.6"
"Josh Cameron","JAC","WR131","0.1","0.4","0.0","0.5","6.3","0.1","0.0","1.6"
"Kaytron Allen","WAS","RB81","2.3","9.2","0.0","0.3","1.7","0.0","0.0","1.6"
"Luke Schoonmaker","DAL","TE73","0.0","0.0","0.0","0.7","6.5","0.0","0.0","1.6"
"Jaleel McLaughlin","CLE","RB82","1.4","7.1","0.0","0.4","2.4","0.0","0.0","1.5"
"Brevyn Spann-Ford","DAL","TE74","0.0","0.0","0.0","0.7","6.5","0.0","0.0","1.5"
"Quintin Morris","JAC","TE75","0.0","0.0","0.0","0.7","6.0","0.0","0.0","1.5"
"Charlie Woerner","ATL","TE76","0.0","0.0","0.0","0.7","5.7","0.0","0.0","1.5"
"Ashton Dulin","IND","WR132","0.1","0.5","0.0","0.5","7.5","0.0","0.0","1.5"
"Chris Blair","ATL","WR133","0.0","0.0","0.0","0.6","7.0","0.0","0.0","1.5"
"Brandin Cooks","SF","WR134","0.0","0.0","0.0","0.5","7.6","0.0","0.0","1.4"
"Dareke Young","LV","WR135","0.0","0.0","0.0","0.4","7.9","0.0","0.0","1.4"
"Malik Benson","LV","WR136","0.1","0.4","0.0","0.6","6.6","0.0","0.0","1.4"
"Hunter Luepke","DAL","RB83","0.8","3.2","0.0","0.5","4.2","0.0","0.0","1.4"
"Marquez Valdes-Scantling","LAC","WR137","0.0","0.0","0.0","0.5","6.8","0.0","0.0","1.4"
"Mo Alie-Cox","IND","TE77","0.0","0.0","0.0","0.6","6.2","0.0","0.0","1.4"
"Cody White","LV","WR138","0.0","0.0","0.0","0.4","5.0","0.1","0.0","1.3"
"Jackson Hawes","BUF","TE78","0.0","0.0","0.0","0.5","5.6","0.0","0.0","1.3"
"Sam Roush","CHI","TE79","0.0","0.0","0.0","0.6","5.8","0.0","0.0","1.3"
"Isaiah Davis","NYJ","RB84","0.9","4.6","0.0","0.3","2.6","0.0","0.0","1.3"
"Jordan Watkins","SF","WR139","0.0","0.0","0.0","0.5","5.9","0.0","0.0","1.3"
"Colson Yankoff","WAS","TE80","0.0","0.0","0.0","0.6","5.6","0.0","0.0","1.3"
"Efton Chism III","NE","WR140","0.0","0.0","0.0","0.5","6.2","0.0","0.0","1.3"
"Brady Russell","SEA","TE81","0.2","0.6","0.0","0.6","4.6","0.0","0.0","1.2"
"Drew Ogletree","IND","TE82","0.0","0.0","0.0","0.5","5.1","0.0","0.0","1.2"
"Connor Heyward","LV","TE83","0.5","2.1","0.0","0.4","3.0","0.0","0.0","1.2"
"Jalen Brooks","ARI","WR141","0.0","0.0","0.0","0.5","6.5","0.0","0.1","1.2"
"Patrick Herbert","LAC","TE84","0.0","0.0","0.0","0.6","5.9","0.0","0.0","1.2"
"Tanner Hudson","CIN","TE85","0.0","0.0","0.0","0.5","4.9","0.0","0.0","1.2"
"Tai Felton","MIN","WR142","0.0","0.1","0.0","0.5","5.1","0.0","0.0","1.2"
"Jelani Woods","NYJ","TE86","0.0","0.0","0.0","0.5","4.6","0.0","0.0","1.2"
"Hunter Long","ARI","TE87","0.0","0.0","0.0","0.5","4.2","0.0","0.0","1.2"
"Sean Tucker","TB","RB85","1.5","5.7","0.1","0.1","0.6","0.0","0.0","1.1"
"Cyrus Allen","KC","WR143","0.0","0.1","0.0","0.4","5.2","0.0","0.0","1.1"
"Chris Myarick","LV","TE88","0.0","0.0","0.0","0.6","5.4","0.0","0.0","1.1"
"Jacob Saylors","DET","RB86","1.0","4.5","0.0","0.2","2.1","0.0","0.0","1.1"
"Lil'Jordan Humphrey","DEN","WR144","0.0","0.0","0.0","0.4","5.1","0.0","0.0","1.1"
"DJ Giddens","IND","RB87","1.1","4.4","0.0","0.3","2.2","0.0","0.0","1.1"
"Brashard Smith","KC","RB88","0.9","3.7","0.0","0.3","2.0","0.0","0.0","1.1"
"Cade Stover","HOU","TE89","0.2","0.6","0.0","0.4","3.9","0.0","0.0","1.1"
"Odell Beckham Jr.","NYG","WR145","0.0","0.3","0.0","0.4","5.1","0.0","0.0","1.0"
"John Metchie III","CAR","WR146","0.5","2.2","0.0","0.3","3.1","0.0","0.0","1.0"
"Kimani Vidal","LAC","RB89","1.2","5.0","0.0","0.2","1.5","0.0","0.0","1.0"
"Eric Saubert","SEA","TE90","0.0","0.0","0.0","0.4","4.0","0.0","0.0","1.0"
"Michael Burton","CLE","RB90","0.4","0.9","0.1","0.3","2.0","0.0","0.0","1.0"
"Tanner Koziol","JAC","TE91","0.0","0.0","0.0","0.4","3.7","0.0","0.0","1.0"
"Tyrone Tracy Jr.","NYG","RB91","1.2","5.1","0.0","0.2","1.3","0.0","0.0","0.9"
"Bam Knight","ARI","RB92","0.8","3.0","0.0","0.2","1.5","0.0","0.0","0.9"
"Michael Carter","TEN","RB93","0.5","2.1","0.0","0.4","2.9","0.0","0.0","0.9"
"Josh Cuevas","BAL","TE92","0.0","0.0","0.0","0.3","3.6","0.0","0.0","0.9"
"Ja'Tavion Sanders","CAR","TE93","0.0","0.0","0.0","0.4","3.1","0.0","0.0","0.8"
"Payne Durham","TB","TE94","0.0","0.0","0.0","0.3","3.0","0.0","0.0","0.8"
"Skyler Bell","BUF","WR147","0.0","0.0","0.0","0.3","3.6","0.0","0.0","0.8"
"Deion Burks","IND","WR148","0.2","1.1","0.0","0.3","3.1","0.0","0.0","0.8"
"Zavion Thomas","CHI","WR149","0.1","0.3","0.0","0.3","3.7","0.0","0.0","0.8"
"Brycen Tremayne","CAR","WR150","0.0","0.1","0.0","0.4","3.3","0.0","0.0","0.8"
"Jordan James","SF","RB94","1.0","4.2","0.0","0.1","1.0","0.0","0.0","0.7"
"Elijah Sarratt","BAL","WR151","0.0","0.0","0.0","0.2","2.3","0.0","0.0","0.7"
"Josh Whyle","GB","TE95","0.0","0.0","0.0","0.3","2.2","0.0","0.0","0.7"
"Ian Thomas","LV","TE96","0.0","0.0","0.0","0.3","2.8","0.0","0.0","0.6"
"Alec Ingold","LAC","RB95","0.4","1.7","0.0","0.2","1.6","0.0","0.0","0.6"
"Tylan Wallace","CLE","WR152","0.0","0.0","0.0","0.3","2.9","0.0","0.0","0.6"
"Treylon Burks","WAS","WR153","0.1","0.4","0.0","0.2","3.0","0.0","0.0","0.6"
"Max Klare","LAR","TE97","0.0","0.0","0.0","0.3","3.0","0.0","0.0","0.6"
"Adam Prentice","DEN","RB96","0.4","1.7","0.0","0.2","1.5","0.0","0.0","0.6"
"Jake Briningstool","KC","TE98","0.0","0.0","0.0","0.2","2.5","0.0","0.0","0.6"
"Cedric Tillman","NO","WR154","0.0","0.0","0.0","0.3","3.4","0.0","0.0","0.6"
"Roschon Johnson","CHI","RB97","0.9","2.7","0.0","0.0","0.3","0.0","0.0","0.6"
"Corey Kiner","NE","RB98","0.6","2.5","0.0","0.1","0.8","0.0","0.0","0.6"
"Mark Redman","GB","TE99","0.0","0.0","0.0","0.2","2.1","0.0","0.0","0.5"
"Jonathan Mingo","DAL","WR155","0.0","0.0","0.0","0.2","2.9","0.0","0.0","0.5"
"Kameron Johnson","TB","WR156","0.0","0.1","0.0","0.2","2.4","0.0","0.0","0.5"
"J. Michael Sturdivant","GB","WR157","0.0","0.0","0.0","0.2","2.3","0.0","0.0","0.5"
"Rasheen Ali","BAL","RB99","0.3","1.3","0.0","0.1","1.1","0.0","0.0","0.5"
"Tyler Goodson","DAL","RB100","0.7","2.3","0.0","0.2","1.1","0.0","0.0","0.5"
"Andrew Beck","NYJ","RB101","0.1","0.2","0.0","0.1","0.9","0.1","0.0","0.5"
"Dallen Bentley","DEN","TE100","0.0","0.0","0.0","0.2","2.4","0.0","0.0","0.5"
"Jaydon Blue","PHI","RB102","0.4","1.8","0.1","0.0","0.0","0.0","0.0","0.5"
"Chris Manhertz","NYG","TE101","0.0","0.0","0.0","0.2","1.6","0.0","0.0","0.5"
"Jack Endries","CIN","TE102","0.0","0.0","0.0","0.2","2.2","0.0","0.0","0.5"
"Braxton Berrios","NYG","WR158","0.0","0.0","0.0","0.2","2.1","0.0","0.0","0.5"
"Kaden Wetjen","PIT","WR159","0.0","0.1","0.0","0.2","2.0","0.0","0.0","0.4"
"Kylen Granson","TEN","TE103","0.0","0.0","0.0","0.2","2.0","0.0","0.0","0.4"
"Justin Joly","MIA","TE104","0.0","0.0","0.0","0.2","2.0","0.0","0.0","0.4"
"Seydou Traore","MIA","TE105","0.0","0.0","0.0","0.2","2.0","0.0","0.0","0.4"
"Dean Connors","LAR","RB103","0.6","2.2","0.0","0.1","0.5","0.0","0.0","0.4"
"Tahj Brooks","CIN","RB104","0.9","2.5","0.0","0.1","0.6","0.0","0.0","0.4"
"Jaylin Lane","WAS","WR160","0.1","0.4","0.0","0.2","1.9","0.0","0.0","0.4"
"Reggie Gilliam","NE","RB105","0.1","0.3","0.0","0.2","1.3","0.0","0.0","0.4"
"Tay Martin","DET","WR161","0.0","0.0","0.0","0.1","1.8","0.0","0.0","0.4"
"Dylan Laube","LV","RB106","0.3","0.9","0.0","0.1","0.8","0.0","0.0","0.3"
"Brevin Jordan","HOU","TE106","0.0","0.0","0.0","0.1","1.4","0.0","0.0","0.3"
"Cameron Latu","NE","TE107","0.0","0.0","0.0","0.1","1.4","0.0","0.0","0.3"
"CJ Daniels","LAR","WR162","0.0","0.0","0.0","0.2","1.3","0.0","0.0","0.3"
"Tom Kennedy","DET","WR163","0.0","0.0","0.0","0.1","1.2","0.0","0.0","0.3"
"British Brooks","HOU","RB107","0.5","2.0","0.0","0.0","0.2","0.0","0.0","0.2"
"Luke McCaffrey","WAS","WR164","0.0","0.0","0.0","0.1","1.5","0.0","0.0","0.2"
"Patrick Ricard","NYG","RB108","0.1","0.2","0.0","0.1","0.9","0.0","0.0","0.2"
"Ben Skowronek","PIT","WR165","0.0","0.0","0.0","0.1","1.1","0.0","0.0","0.2"
"Camden Brown","DAL","WR166","0.0","0.0","0.0","0.1","1.1","0.0","0.0","0.2"
"Ke'Shawn Williams","CIN","WR167","0.0","0.1","0.0","0.1","1.0","0.0","0.0","0.2"
"Ben VanSumeren","KC","LB2","0.0","0.0","0.0","0.2","0.0","0.0","0.0","0.2"
"Julius Chestnut","TEN","RB109","0.3","1.4","0.0","0.0","0.2","0.0","0.0","0.2"
"Tyler Conklin","DET","TE108","0.0","0.0","0.0","0.1","0.9","0.0","0.0","0.2"
"Reggie Virgil","ARI","WR168","0.0","0.0","0.0","0.1","0.8","0.0","0.0","0.2"
"Elijah Moore","PHI","WR169","0.0","0.3","0.0","0.0","0.7","0.0","0.0","0.2"
"Myles Price","MIN","WR170","0.0","0.0","0.0","0.1","0.8","0.0","0.0","0.2"
"Thomas Fidone II","NYG","TE109","0.0","0.0","0.0","0.1","0.5","0.0","0.0","0.2"
"Carsen Ryan","CLE","TE110","0.0","0.0","0.0","0.1","0.5","0.0","0.0","0.1"
"Bauer Sharp","TB","TE111","0.0","0.0","0.0","0.1","0.4","0.0","0.0","0.1"
"Malachi Corley","CLE","WR171","0.1","0.5","0.0","0.0","0.2","0.0","0.0","0.1"
"Riley Nowakowski","PIT","TE112","0.0","0.0","0.0","0.0","0.4","0.0","0.0","0.1"
"Max Bredeson","MIN","RB110","0.0","0.0","0.0","0.1","0.3","0.0","0.0","0.1"
"Nikko Remigio","KC","WR172","0.0","0.1","0.0","0.0","0.4","0.0","0.0","0.1"
"Devin Duvernay","ARI","WR173","0.0","0.1","0.0","0.0","0.4","0.0","0.0","0.1"
"Robert Tonyan","PIT","TE113","0.0","0.0","0.0","0.0","0.4","0.0","0.0","0.1"
"Feleipe Franks","CAR","TE114","0.1","0.3","0.0","0.0","0.2","0.0","0.0","0.0"
"Britain Covey","PHI","WR174","0.0","0.0","0.0","0.0","0.2","0.0","0.0","0.0"
"Ko Kieft","TB","TE115","0.0","0.0","0.0","0.0","0.1","0.0","0.0","0.0"
"Jack Stoll","SF","TE116","0.0","0.0","0.0","0.0","0.0","0.0","0.0","0.0"
"Cole Turner","MIA","TE117","0.0","0.0","0.0","0.0","0.0","0.0","0.0","0.0"
"Lucas Krull","DEN","TE118","0.0","0.0","0.0","0.0","0.0","0.0","0.0","0.0"
"Jake Tonges","SF","TE119","0.0","0.0","0.0","0.0","0.0","0.0","0.0","0.0"
"Julian Hill","NE","TE120","0.0","0.0","0.0","0.0","0.0","0.0","0.0","0.0"
"CJ Dippre","TB","TE121","0.0","0.0","0.0","0.0","0.0","0.0","0.0","0.0"
"Joe Royer","CLE","TE122","0.0","0.0","0.0","0.0","0.0","0.0","0.0","0.0"
"Jackson Meeks","DET","WR175","0.0","0.0","0.0","0.0","0.0","0.0","0.0","0.0"
"Greg Dortch","BUF","WR176","0.0","0.0","0.0","0.0","0.0","0.0","0.0","0.0"
"David Moore","CAR","WR177","0.0","0.0","0.0","0.0","0.0","0.0","0.0","0.0"
"Christian Kirk","SF","WR178","0.0","0.0","0.0","0.0","0.0","0.0","0.0","0.0"
"Gunner Olszewski","NYG","WR179","0.0","0.0","0.0","0.0","0.0","0.0","0.0","0.0"
"Jalen Reagor","MIA","WR180","0.0","0.0","0.0","0.0","0.0","0.0","0.0","0.0"
"Van Jefferson","WAS","WR181","0.0","0.0","0.0","0.0","0.0","0.0","0.0","0.0"
"Nick Westbrook-Ikhine","IND","WR182","0.0","0.0","0.0","0.0","0.0","0.0","0.0","0.0"
"Ihmir Smith-Marsette","CAR","WR183","0.0","0.0","0.0","0.0","0.0","0.0","0.0","0.0"
"Nico Collins","HOU","WR184","0.0","0.0","0.0","0.0","0.0","0.0","0.0","0.0"
"Arian Smith","NYJ","WR185","0.0","0.0","0.0","0.0","0.0","0.0","0.0","0.0"
"Kevin Austin Jr.","NO","WR186","0.0","0.0","0.0","0.0","0.0","0.0","0.0","0.0"
"Austin Trammell","JAC","WR187","0.0","0.0","0.0","0.0","0.0","0.0","0.0","0.0"
"Michael Bandy","DEN","WR188","0.0","0.0","0.0","0.0","0.0","0.0","0.0","0.0"
"Deven Thompkins","LV","WR189","0.0","0.0","0.0","0.0","0.0","0.0","0.0","0.0"
"Mitchell Tinsley","HOU","WR190","0.0","0.0","0.0","0.0","0.0","0.0","0.0","0.0"
"KeAndre Lambert-Smith","LAC","WR191","0.0","0.0","0.0","0.0","0.0","0.0","0.0","0.0"
"Trey Palmer","NO","WR192","0.0","0.0","0.0","0.0","0.0","0.0","0.0","0.0"
"Charlie Jones","NYG","WR193","0.0","0.0","0.0","0.0","0.0","0.0","0.0","0.0"
"Barion Brown","NO","WR194","0.0","0.0","0.0","0.0","0.0","0.0","0.0","0.0"
"Dylan Drummond","ATL","WR195","0.0","0.0","0.0","0.0","0.0","0.0","0.0","0.0"
"Anthony Gould","IND","WR196","0.0","0.0","0.0","0.0","0.0","0.0","0.0","0.0"
"Jeshaun Jones","MIN","WR197","0.0","0.0","0.0","0.0","0.0","0.0","0.0","0.0"
"Theo Wease Jr.","LAC","WR198","0.0","0.0","0.0","0.0","0.0","0.0","0.0","0.0"
"Dont'e Thornton Jr.","LV","WR199","0.0","0.0","0.0","0.0","0.0","0.0","0.0","0.0"
"Jimmy Horn Jr.","CLE","WR200","0.0","0.0","0.0","0.0","0.0","0.0","0.0","0.0"
"Gage Larvadain","BAL","WR201","0.0","0.0","0.0","0.0","0.0","0.0","0.0","0.0"
"Montorie Foster Jr.","SEA","WR202","0.0","0.0","0.0","0.0","0.0","0.0","0.0","0.0"
"Chris Brazzell II","CAR","WR203","0.0","0.0","0.0","0.0","0.0","0.0","0.0","0.0"
"Omar Cooper Jr.","NYJ","WR204","0.0","0.0","0.0","0.0","0.0","0.0","0.0","0.0"
"Brenen Thompson","LAC","WR205","0.0","0.0","0.0","0.0","0.0","0.0","0.0","0.0"
"Lewis Bond","HOU","WR206","0.0","0.0","0.0","0.0","0.0","0.0","0.0","0.0"
"Jerome Ford","MIN","RB111","0.0","0.0","0.0","0.0","0.0","0.0","0.0","0.0"
"Phil Mafah","NYG","RB112","0.0","0.0","0.0","0.0","0.0","0.0","0.0","0.0"
"Kene Nwangwu","NYJ","RB113","0.0","0.0","0.0","0.0","0.0","0.0","0.0","0.0"
"Zavier Scott","CHI","RB114","0.0","0.0","0.0","0.0","0.0","0.0","0.0","0.0"
"Frank Gore Jr.","BUF","RB115","0.0","0.0","0.0","0.0","0.0","0.0","0.0","0.0"
"Jawhar Jordan","HOU","RB116","0.0","0.0","0.0","0.0","0.0","0.0","0.0","0.0"
"Chris Collier","LV","RB117","0.0","0.0","0.0","0.0","0.0","0.0","0.0","0.0"
"Jonah Coleman","DEN","RB118","0.0","0.0","0.0","0.0","0.0","0.0","0.0","0.0"
"Josh Williams","TB","RB119","0.0","0.0","0.0","0.0","0.0","0.0","0.0","0.0"
""
""