"Player","Team","ATT","CMP","YDS","TDS","INTS","ATT","YDS","TDS","FL","FPTS"
" ","","",""
"Josh Allen","BUF","32.2","20.8","238.6","1.4","0.8","7.1","33.3","0.7","0.2","21.0"
"Jared Goff","DET","34.9","23.8","287.6","2.3","0.5","1.7","4.2","0.0","0.2","20.4"
"Dak Prescott","DAL","35.2","24.2","272.8","2.1","0.6","2.9","12.3","0.1","0.2","20.1"
"Joe Burrow","CIN","35.7","25.5","272.5","2.0","0.6","3.1","12.2","0.1","0.2","19.8"
"Drake Maye","NE","30.7","20.8","245.5","1.6","0.8","5.5","31.2","0.2","0.3","19.3"
"Matthew Stafford","LAR","36.4","22.9","274.4","2.1","0.7","1.6","3.8","0.0","0.2","19.0"
"Jayden Daniels","WAS","29.9","18.8","196.0","1.5","0.6","7.6","44.7","0.3","0.2","18.8"
"Jacoby Brissett","ARI","35.4","23.5","243.6","1.9","0.6","2.6","10.8","0.1","0.2","18.2"
"Trevor Lawrence","JAC","31.2","19.5","228.1","1.6","0.7","4.0","15.7","0.2","0.2","17.6"
"Brock Purdy","SF","32.9","22.2","246.3","1.5","0.9","3.9","17.6","0.2","0.2","17.5"
"Jordan Love","GB","34.6","21.5","262.9","1.6","0.8","2.0","8.2","0.1","0.2","16.9"
"Tyler Shough","NO","35.0","22.8","241.3","1.3","0.7","4.3","17.8","0.2","0.2","16.6"
"Sam Darnold","SEA","31.5","21.0","245.8","1.7","0.8","2.6","8.2","0.1","0.2","16.6"
"Bo Nix","DEN","33.3","20.8","222.9","1.5","0.8","4.2","16.5","0.2","0.2","16.5"
"Aaron Rodgers","PIT","33.0","20.8","231.1","1.7","0.6","1.5","6.1","0.1","0.2","16.1"
"C.J. Stroud","HOU","32.6","21.3","250.6","1.4","0.5","2.4","11.0","0.1","0.2","16.0"
"Malik Willis","MIA","28.2","18.0","210.4","1.0","0.7","6.3","32.9","0.3","0.2","15.8"
"Jalen Hurts","PHI","30.0","19.1","209.5","1.0","0.7","6.0","24.5","0.3","0.2","15.7"
"Jalon Daniels","TB","30.3","19.1","210.5","1.3","1.0","4.6","23.6","0.2","0.2","15.4"
"Tyson Bagent","CHI","31.9","20.7","221.6","1.3","0.7","3.5","13.1","0.1","0.2","15.2"
"Michael Penix Jr.","ATL","30.3","18.7","228.7","1.3","0.6","2.0","6.4","0.1","0.1","14.8"
"Justin Herbert","LAC","30.6","19.1","210.8","1.2","0.7","4.3","21.3","0.1","0.2","14.8"
"Deshaun Watson","CLE","29.7","19.7","198.2","1.3","0.6","4.9","22.3","0.1","0.2","14.8"
"Kirk Cousins","LV","33.8","22.1","222.9","1.5","0.7","1.8","3.6","0.1","0.2","14.5"
"Kyler Murray","MIN","21.9","14.5","160.5","1.1","0.6","5.2","28.8","0.3","0.2","14.4"
"Daniel Jones","IND","31.3","20.5","220.3","1.1","0.8","3.1","11.7","0.2","0.2","14.3"
"Geno Smith","NYJ","29.2","19.4","199.9","1.3","0.7","3.1","12.5","0.1","0.2","13.9"
"Jameis Winston","NYG","29.6","17.4","209.3","1.3","1.0","2.6","10.3","0.1","0.2","13.8"
"Tyler Huntley","BAL","28.6","18.9","188.4","1.0","0.8","4.8","23.1","0.1","0.2","13.6"
"Cam Ward","TEN","30.5","18.5","196.1","1.0","0.6","2.7","9.8","0.1","0.2","12.5"
"Carson Wentz","MIN","10.9","7.0","71.7","0.6","0.2","0.1","0.4","0.0","0.0","4.9"
"Ty Simpson","LAR","1.8","1.1","13.2","0.1","0.1","0.2","1.0","0.0","0.0","1.0"
"Athan Kaliakmanis","WAS","1.2","0.8","8.3","0.1","0.0","0.3","1.6","0.0","0.0","0.9"
"Case Keenum","CHI","1.8","1.2","11.8","0.1","0.1","0.1","0.5","0.0","0.0","0.9"
"Easton Stick","TB","0.8","0.6","6.2","0.1","0.0","0.1","0.8","0.0","0.0","0.7"
"Joe Fagnano","BAL","0.7","0.5","6.0","0.1","0.0","0.1","0.7","0.0","0.0","0.7"
"J.J. McCarthy","NYG","1.5","0.9","10.1","0.1","0.1","0.2","1.0","0.0","0.0","0.6"
"Joshua Dobbs","DET","0.7","0.5","6.2","0.1","0.0","0.2","0.6","0.0","0.0","0.5"
"Tyrod Taylor","GB","0.7","0.4","5.6","0.1","0.0","0.1","0.6","0.0","0.0","0.5"
"Davis Mills","HOU","0.7","0.5","5.4","0.1","0.0","0.2","0.5","0.0","0.0","0.5"
"Stetson Bennett IV","LAR","0.7","0.4","4.5","0.1","0.0","0.1","0.7","0.0","0.0","0.4"
"Tua Tagovailoa","ATL","0.6","0.4","4.4","0.1","0.0","0.2","0.7","0.0","0.0","0.4"
"Anthony Richardson Sr.","IND","0.7","0.5","4.8","0.1","0.0","0.2","0.6","0.0","0.0","0.4"
"Gardner Minshew II","ARI","0.7","0.5","4.9","0.1","0.0","0.1","0.5","0.0","0.0","0.4"
"Sam Howell","DAL","0.8","0.5","5.2","0.1","0.0","0.1","0.3","0.0","0.0","0.4"
"Drew Lock","SEA","0.6","0.4","4.5","0.1","0.0","0.2","0.6","0.0","0.0","0.4"
"Mason Rudolph","PIT","0.7","0.4","4.8","0.1","0.0","0.1","0.5","0.0","0.0","0.4"
"Mac Jones","SF","0.7","0.4","4.3","0.1","0.0","0.2","0.5","0.0","0.0","0.4"
"Spencer Rattler","NO","0.7","0.5","4.5","0.1","0.0","0.1","0.4","0.0","0.0","0.4"
"Jarrett Stidham","DEN","0.7","0.4","4.1","0.1","0.0","0.1","0.5","0.0","0.0","0.4"
"Quinn Ewers","JAC","0.6","0.4","4.1","0.1","0.0","0.2","0.5","0.0","0.0","0.4"
"Joe Flacco","CIN","0.8","0.6","5.6","0.1","0.0","0.1","0.4","0.0","0.1","0.4"
"Fernando Mendoza","LV","0.5","0.4","3.1","0.1","0.0","0.1","0.3","0.0","0.0","0.3"
"Shedeur Sanders","CLE","0.6","0.4","3.8","0.1","0.1","0.1","0.5","0.0","0.0","0.3"
"Cade Klubnik","NYJ","0.5","0.3","2.9","0.1","0.0","0.1","0.3","0.0","0.0","0.3"
"Tommy DeVito","NE","0.6","0.4","4.6","0.0","0.0","0.2","0.6","0.0","0.0","0.2"
"Trey Lance","LAC","0.6","0.4","3.8","0.0","0.0","0.2","0.6","0.0","0.0","0.2"
"Andy Dalton","PHI","0.6","0.4","3.9","0.0","0.0","0.2","0.6","0.0","0.0","0.2"
"Kyle McCord","MIA","0.4","0.3","2.9","0.0","0.0","0.1","0.3","0.0","0.0","0.1"
"Mitchell Trubisky","TEN","0.6","0.3","3.4","0.0","0.0","0.1","0.1","0.0","0.0","0.1"
"Kyle Allen","BUF","0.5","0.3","3.0","0.0","0.0","0.1","0.1","0.0","0.0","0.1"
"Brady Cook","MIA","0.0","0.0","0.0","0.0","0.0","0.0","0.0","0.0","0.0","0.0"
"Will Howard","PIT","0.0","0.0","0.0","0.0","0.0","0.0","0.0","0.0","0.0","0.0"
"Joe Milton III","DAL","0.0","0.0","0.0","0.0","0.0","0.0","0.0","0.0","0.0","0.0"
"Riley Leonard","IND","0.0","0.0","0.0","0.0","0.0","0.0","0.0","0.0","0.0","0.0"
"Tanner McKee","PHI","0.0","0.0","0.0","0.0","0.0","0.0","0.0","0.0","0.0","0.0"
"Drew Allar","PIT","0.0","0.0","0.0","0.0","0.0","0.0","0.0","0.0","0.0","0.0"
"Aidan O'Connell","LV","0.0","0.0","0.0","0.0","0.0","0.0","0.0","0.0","0.0","0.0"
"Carson Beck","ARI","0.0","0.0","0.0","0.0","0.0","0.0","0.0","0.0","0.0","0.0"
"Nick Mullens","JAC","0.0","0.0","0.0","0.0","0.0","0.0","0.0","0.0","0.0","0.0"
"Marcus Mariota","WAS","0.0","0.0","0.0","0.0","0.0","0.0","0.0","0.0","0.0","0.0"
"Josh Johnson","CIN","0.0","0.0","0.0","0.0","0.0","0.0","0.0","0.0","0.0","0.0"
"Cooper Rush","ATL","0.0","0.0","0.0","0.0","0.0","0.2","-0.2","0.0","0.0","0.0"
""
""