"Player","Team","SACK","INT","FR","FF","TD","SAFETY","PA","YDS_AGN","FPTS"
"Pittsburgh Steelers","","3.6","0.8","0.6","1.1","0.2","0.0","17.0","283.2","8.5"
"Minnesota Vikings","","3.2","0.8","0.6","1.0","0.2","0.0","14.4","279.8","8.2"
"Seattle Seahawks","","2.8","0.8","0.5","0.8","0.2","0.0","17.5","304.9","7.7"
"Baltimore Ravens","","2.5","0.7","0.6","0.9","0.2","0.0","16.6","281.6","7.2"
"Green Bay Packers","","2.4","0.8","0.5","0.8","0.2","0.0","19.7","313.3","7.1"
"Buffalo Bills","","2.7","0.8","0.6","0.9","0.2","0.0","21.2","361.8","6.6"
"Chicago Bears","","2.8","0.8","0.6","1.0","0.2","0.0","20.5","333.0","6.5"
"Cleveland Browns","","2.4","0.6","0.5","0.8","0.1","0.0","19.7","310.8","6.4"
"Arizona Cardinals","","2.3","1.0","0.5","0.8","0.1","0.0","22.1","332.7","6.1"
"Atlanta Falcons","","2.6","0.8","0.6","0.8","0.1","0.0","24.6","342.3","6.1"
"Detroit Lions","","2.3","0.7","0.6","0.9","0.2","0.0","25.0","333.0","5.9"
"Kansas City Chiefs","","2.3","0.8","0.4","0.7","0.2","0.0","21.4","297.7","5.8"
"Houston Texans","","2.1","0.7","0.6","0.9","0.2","0.0","23.1","352.9","5.8"
"Indianapolis Colts","","2.0","0.8","0.5","0.7","0.2","0.0","22.2","347.5","5.6"
"Cincinnati Bengals","","2.2","0.8","0.5","0.8","0.1","0.0","25.1","367.5","5.6"
"Jacksonville Jaguars","","2.1","0.7","0.5","0.8","0.2","0.0","26.0","348.4","5.5"
"Los Angeles Chargers","","2.0","0.8","0.5","0.7","0.1","0.0","25.3","356.7","5.5"
"Los Angeles Rams","","2.2","0.6","0.5","0.7","0.2","0.0","20.3","325.4","5.4"
"Washington Commanders","","2.1","0.7","0.5","0.8","0.1","0.0","25.8","354.2","5.4"
"New England Patriots","","2.0","0.7","0.5","0.8","0.1","0.0","27.4","379.4","5.2"
"Las Vegas Raiders","","2.3","0.7","0.5","0.9","0.1","0.0","25.9","356.7","5.2"
"Denver Broncos","","1.8","0.8","0.4","0.6","0.2","0.0","24.3","367.5","5.2"
"Miami Dolphins","","2.3","0.6","0.5","0.7","0.1","0.0","24.7","326.6","5.2"
"New Orleans Saints","","2.0","0.7","0.5","0.8","0.1","0.0","22.6","344.7","5.2"
"Tampa Bay Buccaneers","","2.1","0.7","0.5","0.7","0.1","0.0","20.8","337.2","5.1"
"New York Giants","","2.2","0.6","0.5","0.7","0.1","0.0","23.2","332.8","5.1"
"New York Jets","","2.0","0.7","0.5","0.8","0.1","0.0","24.0","342.5","4.9"
"San Francisco 49ers","","1.6","0.7","0.5","0.7","0.1","0.0","21.2","323.2","4.9"
"Philadelphia Eagles","","1.7","0.7","0.4","0.8","0.1","0.0","22.9","368.2","4.8"
"Carolina Panthers","","2.1","0.6","0.4","0.7","0.1","0.0","27.1","376.7","4.8"
"Dallas Cowboys","","2.0","0.6","0.4","0.7","0.1","0.0","26.0","359.4","4.7"
"Tennessee Titans","","2.0","0.5","0.5","0.8","0.1","0.0","27.6","395.5","4.7"
""
""