"RK","PLAYER NAME",TEAM,"POS","OPP","UPSIDE ","BUST ","MATCHUP "
"1","Jahmyr Gibbs",DET,"RB1","at CAR","-","-","5 out of 5 stars"
"2","Bijan Robinson",ATL,"RB2","at NO","5 out of 5","2 out of 5","4 out of 5 stars"
"3","Kenneth Walker III",KC,"RB3","at LV","5 out of 5","2 out of 5","2 out of 5 stars"
"4","Jaxon Smith-Njigba",SEA,"WR1","vs. LAC","-","-","4 out of 5 stars"
"5","Christian McCaffrey",SF,"RB4","vs. DEN","-","-","4 out of 5 stars"
"6","Derrick Henry",BAL,"RB5","vs. TEN","-","-","4 out of 5 stars"
"7","Jonathan Taylor",IND,"RB6","at WAS","4 out of 5","4 out of 5","1 out of 5 stars"
"8","Ja'Marr Chase",CIN,"WR2","vs. JAC","5 out of 5","1 out of 5","3 out of 5 stars"
"9","Amon-Ra St. Brown",DET,"WR3","at CAR","-","-","1 out of 5 stars"
"10","James Cook III",BUF,"RB7","vs. NE","-","-","4 out of 5 stars"
"11","Chris Olave",NO,"WR4","vs. ATL","5 out of 5","1 out of 5","2 out of 5 stars"
"12","Ashton Jeanty",LV,"RB8","vs. KC","4 out of 5","3 out of 5","3 out of 5 stars"
"13","Jaylen Warren",PIT,"RB9","at CLE","4 out of 5","2 out of 5","2 out of 5 stars"
"14","Jeremiyah Love",ARI,"RB10","at NYG","5 out of 5","2 out of 5","3 out of 5 stars"
"15","Kyren Williams",LAR,"RB11","at PHI","4 out of 5","2 out of 5","5 out of 5 stars"
"16","CeeDee Lamb",DAL,"WR5","at HOU","5 out of 5","1 out of 5","3 out of 5 stars"
"17","Chase Brown",CIN,"RB12","vs. JAC","4 out of 5","3 out of 5","2 out of 5 stars"
"18","Drake London",ATL,"WR6","at NO","-","-","2 out of 5 stars"
"19","Chuba Hubbard",CAR,"RB13","vs. DET","4 out of 5","1 out of 5","3 out of 5 stars"
"20","Garrett Wilson",NYJ,"WR7","at CHI","4 out of 5","2 out of 5","4 out of 5 stars"
"21","Zay Flowers",BAL,"WR8","vs. TEN","5 out of 5","3 out of 5","5 out of 5 stars"
"22","D'Andre Swift",CHI,"RB14","vs. NYJ","4 out of 5","1 out of 5","4 out of 5 stars"
"23","Aaron Jones Sr.",MIN,"RB15","vs. MIA","4 out of 5","3 out of 5","5 out of 5 stars"
"24","Saquon Barkley",PHI,"RB16","vs. LAR","4 out of 5","4 out of 5","1 out of 5 stars"
"25","Brock Bowers",LV,"TE1","vs. KC","-","-","3 out of 5 stars"
"26","Parker Washington",JAC,"WR9","at CIN","4 out of 5","3 out of 5","1 out of 5 stars"
""
"27","Christian Watson",GB,"WR10","at TB","4 out of 5","3 out of 5","1 out of 5 stars"
"28","Cam Skattebo",NYG,"RB17","vs. ARI","2 out of 5","3 out of 5","5 out of 5 stars"
"29","DeVonta Smith",PHI,"WR11","vs. LAR","4 out of 5","4 out of 5","3 out of 5 stars"
"30","Javonte Williams",DAL,"RB18","at HOU","4 out of 5","4 out of 5","1 out of 5 stars"
"31","Davante Adams",LAR,"WR12","at PHI","5 out of 5","2 out of 5","3 out of 5 stars"
"32","Trey McBride",ARI,"TE2","at NYG","5 out of 5","1 out of 5","1 out of 5 stars"
"33","Tetairoa McMillan",CAR,"WR13","vs. DET","4 out of 5","2 out of 5","4 out of 5 stars"
"34","George Pickens",DAL,"WR14","at HOU","4 out of 5","4 out of 5","3 out of 5 stars"
"35","Bhayshul Tuten",JAC,"RB19","at CIN","4 out of 5","3 out of 5","5 out of 5 stars"
"36","Bucky Irving",TB,"RB20","vs. GB","4 out of 5","3 out of 5","5 out of 5 stars"
"37","Tee Higgins",CIN,"WR15","vs. JAC","-","-","3 out of 5 stars"
"38","Nico Collins",HOU,"WR16","vs. DAL","4 out of 5","3 out of 5","4 out of 5 stars"
"39","Puka Nacua",LAR,"WR17","at PHI","4 out of 5","4 out of 5","3 out of 5 stars"
"40","Rashee Rice",KC,"WR18","at LV","4 out of 5","3 out of 5","3 out of 5 stars"
"41","Matthew Golden",GB,"WR19","at TB","4 out of 5","1 out of 5","1 out of 5 stars"
"42","Braelon Allen",NYJ,"RB21","at CHI","3 out of 5","2 out of 5","5 out of 5 stars"
"43","David Montgomery",HOU,"RB22","vs. DAL","2 out of 5","4 out of 5","4 out of 5 stars"
"44","Jaylen Waddle",DEN,"WR20","at SF","4 out of 5","4 out of 5","1 out of 5 stars"
"45","George Kittle",SF,"TE3","vs. DEN","-","-","4 out of 5 stars"
"46","Josh Downs",IND,"WR21","at WAS","4 out of 5","2 out of 5","5 out of 5 stars"
"47","DJ Moore",BUF,"WR22","vs. NE","4 out of 5","2 out of 5","2 out of 5 stars"
"48","Michael Wilson",ARI,"WR23","at NYG","-","-","5 out of 5 stars"
"49","Malik Nabers",NYG,"WR24","vs. ARI","4 out of 5","4 out of 5","2 out of 5 stars"
"50","Ladd McConkey",LAC,"WR25","at SEA","4 out of 5","3 out of 5","1 out of 5 stars"
"51","Tyler Warren",IND,"TE4","at WAS","-","-","5 out of 5 stars"
"52","Dalton Kincaid",BUF,"TE5","vs. NE","4 out of 5","2 out of 5","2 out of 5 stars"
"53","Luther Burden III",CHI,"WR26","vs. NYJ","4 out of 5","3 out of 5","5 out of 5 stars"
"54","Terry McLaurin",WAS,"WR27","vs. IND","4 out of 5","2 out of 5","5 out of 5 stars"
"55","Quinshon Judkins",CLE,"RB23","vs. PIT","2 out of 5","4 out of 5","2 out of 5 stars"
"56","Jacory Croskey-Merritt",WAS,"RB24","vs. IND","3 out of 5","4 out of 5","3 out of 5 stars"
"57","Omarion Hampton",LAC,"RB25","at SEA","2 out of 5","4 out of 5","1 out of 5 stars"
"58","Jordan Addison",MIN,"WR28","vs. MIA","3 out of 5","4 out of 5","4 out of 5 stars"
"59","Travis Kelce",KC,"TE6","at LV","4 out of 5","2 out of 5","5 out of 5 stars"
"60","Jameson Williams",DET,"WR29","at CAR","3 out of 5","4 out of 5","1 out of 5 stars"
"61","Rhamondre Stevenson",NE,"RB26","at BUF","2 out of 5","4 out of 5","4 out of 5 stars"
"62","Sam LaPorta",DET,"TE7","at CAR","4 out of 5","3 out of 5","4 out of 5 stars"
"63","DK Metcalf",PIT,"WR30","at CLE","3 out of 5","4 out of 5","5 out of 5 stars"
"64","Deebo Samuel Sr.",SF,"WR31","vs. DEN","-","-","2 out of 5 stars"
"65","Stefon Diggs",WAS,"WR32","vs. IND","-","-","5 out of 5 stars"
"66","TreVeyon Henderson",NE,"RB27","at BUF","4 out of 5","4 out of 5","4 out of 5 stars"
"67","Tony Pollard",TEN,"RB28","at BAL","3 out of 5","4 out of 5","3 out of 5 stars"
"68","J.K. Dobbins",DEN,"RB29","at SF","2 out of 5","4 out of 5","3 out of 5 stars"
"69","Juwan Johnson",NO,"TE8","vs. ATL","-","-","5 out of 5 stars"
"70","Devaughn Vele",NO,"WR33","vs. ATL","-","-","2 out of 5 stars"
"71","Jadarian Price",SEA,"RB30","vs. LAC","2 out of 5","5 out of 5","2 out of 5 stars"
"72","Emeka Egbuka",TB,"WR34","vs. GB","2 out of 5","4 out of 5","5 out of 5 stars"
"73","Tucker Kraft",GB,"TE9","at TB","4 out of 5","3 out of 5","4 out of 5 stars"
"74","Alvin Kamara",NO,"RB31","vs. ATL","2 out of 5","4 out of 5","2 out of 5 stars"
"75","Isaiah Likely",NYG,"TE10","vs. ARI","2 out of 5","4 out of 5","5 out of 5 stars"
"76","RJ Harvey",DEN,"RB32","at SF","3 out of 5","4 out of 5","3 out of 5 stars"
"77","Harold Fannin Jr.",CLE,"TE11","vs. PIT","4 out of 5","4 out of 5","2 out of 5 stars"
"78","Jakobi Meyers",JAC,"WR35","at CIN","4 out of 5","3 out of 5","1 out of 5 stars"
"79","Keenan Allen",IND,"WR36","at WAS","3 out of 5","2 out of 5","5 out of 5 stars"
"80","Denzel Boston",CLE,"WR37","vs. PIT","4 out of 5","3 out of 5","4 out of 5 stars"
"81","Carnell Tate",TEN,"WR38","at BAL","3 out of 5","4 out of 5","2 out of 5 stars"
"82","Kenyon Sadiq",NYJ,"TE12","at CHI","4 out of 5","4 out of 5","1 out of 5 stars"
"83","Kyle Monangai",CHI,"RB33","vs. NYJ","2 out of 5","4 out of 5","4 out of 5 stars"
"84","Malik Washington",MIA,"WR39","at MIN","2 out of 5","4 out of 5","3 out of 5 stars"
"85","Romeo Doubs",NE,"WR40","at BUF","2 out of 5","5 out of 5","4 out of 5 stars"
"86","Dalton Schultz",HOU,"TE13","vs. DAL","2 out of 5","3 out of 5","5 out of 5 stars"
"87","Rome Odunze",CHI,"WR41","vs. NYJ","2 out of 5","4 out of 5","5 out of 5 stars"
"88","Mark Andrews",BAL,"TE14","vs. TEN","-","-","1 out of 5 stars"
"89","Colston Loveland",CHI,"TE15","vs. NYJ","3 out of 5","4 out of 5","3 out of 5 stars"
"90","Dontayvion Wicks",PHI,"WR42","vs. LAR","3 out of 5","3 out of 5","3 out of 5 stars"
""
"91","Wan'Dale Robinson",TEN,"WR43","at BAL","-","-","2 out of 5 stars"
"92","KC Concepcion Jr.",CLE,"WR44","vs. PIT","3 out of 5","4 out of 5","4 out of 5 stars"
"93","Darren Waller",CAR,"TE16","vs. DET","4 out of 5","3 out of 5","5 out of 5 stars"
"94","Tre Tucker",LV,"WR45","vs. KC","-","-","1 out of 5 stars"
"95","Woody Marks",HOU,"RB34","vs. DAL","-","-","4 out of 5 stars"
"96","Xavier Worthy",KC,"WR46","at LV","-","-","3 out of 5 stars"
"97","Courtland Sutton",DEN,"WR47","at SF","2 out of 5","4 out of 5","1 out of 5 stars"
"98","Rashod Bateman",BAL,"WR48","vs. TEN","-","-","5 out of 5 stars"
"99","Blake Corum",LAR,"RB35","at PHI","-","-","5 out of 5 stars"
"100","Mack Hollins",NE,"WR49","at BUF","3 out of 5","3 out of 5","4 out of 5 stars"
"101","Ollie Gordon II",MIA,"RB36","at MIN","2 out of 5","4 out of 5","1 out of 5 stars"
"102","Khalil Shakir",BUF,"WR50","vs. NE","-","-","2 out of 5 stars"
"103","Kalif Raymond",CHI,"WR51","vs. NYJ","2 out of 5","4 out of 5","5 out of 5 stars"
"104","Chris Godwin Jr.",TB,"WR52","vs. GB","-","-","5 out of 5 stars"
"105","Justin Jefferson",MIN,"WR53","vs. MIA","5 out of 5","3 out of 5","4 out of 5 stars"
"106","Rachaad White",WAS,"RB37","vs. IND","3 out of 5","4 out of 5","3 out of 5 stars"
"107","Brenton Strange",JAC,"TE17","at CIN","-","-","4 out of 5 stars"
"108","Brian Thomas Jr.",JAC,"WR54","at CIN","2 out of 5","5 out of 5","1 out of 5 stars"
"109","Quentin Johnston",LAC,"WR55","at SEA","-","-","1 out of 5 stars"
"110","Michael Pittman Jr.",PIT,"WR56","at CLE","-","-","5 out of 5 stars"
"111","Jake Ferguson",DAL,"TE18","at HOU","3 out of 5","4 out of 5","2 out of 5 stars"
"112","Pat Freiermuth",PIT,"TE19","at CLE","-","-","3 out of 5 stars"
"113","T.J. Hockenson",MIN,"TE20","vs. MIA","-","-","4 out of 5 stars"
"114","Hunter Henry",NE,"TE21","at BUF","-","-","1 out of 5 stars"
"115","Marvin Harrison Jr.",ARI,"WR57","at NYG","1 out of 5","5 out of 5","5 out of 5 stars"
"116","Ryan Flournoy",DAL,"WR58","at HOU","-","-","3 out of 5 stars"
"117","Kyle Pitts Sr.",ATL,"TE22","at NO","-","-","5 out of 5 stars"
"118","Chris Bell",MIA,"WR59","at MIN","-","-","3 out of 5 stars"
"119","Makai Lemon",PHI,"WR60","vs. LAR","3 out of 5","5 out of 5","3 out of 5 stars"
"120","Tyler Higbee",LAR,"TE23","at PHI","-","-","2 out of 5 stars"
"121","Tyler Allgeier",ARI,"RB38","at NYG","-","-","3 out of 5 stars"
"122","Tre' Harris",LAC,"WR61","at SEA","-","-","1 out of 5 stars"
"123","Kendre Miller",NO,"RB39","vs. ATL","3 out of 5","4 out of 5","2 out of 5 stars"
"124","Kaleb Johnson",GB,"RB40","at TB","-","-","1 out of 5 stars"
"125","AJ Barner",SEA,"TE24","vs. LAC","-","-","3 out of 5 stars"
"126","Oronde Gadsden II",LAC,"TE25","at SEA","-","-","3 out of 5 stars"
"127","Pat Bryant",DEN,"WR62","at SF","-","-","1 out of 5 stars"
"128","Kayshon Boutte",HOU,"WR63","vs. DAL","-","-","4 out of 5 stars"
"129","Rashid Shaheed",SEA,"WR64","vs. LAC","-","-","4 out of 5 stars"
"130","Keaton Mitchell",LAC,"RB41","at SEA","3 out of 5","5 out of 5","1 out of 5 stars"
"131","Chris Rodriguez Jr.",JAC,"RB42","at CIN","-","-","5 out of 5 stars"
"132","Emmett Johnson",KC,"RB43","at LV","-","-","2 out of 5 stars"
"133","Emanuel Wilson",SEA,"RB44","vs. LAC","2 out of 5","4 out of 5","2 out of 5 stars"
"134","Kenny Gainwell",TB,"RB45","vs. GB","1 out of 5","4 out of 5","5 out of 5 stars"
"135","MarShawn Lloyd",GB,"RB46","at TB","-","-","1 out of 5 stars"
"136","Kendrick Bourne",ARI,"WR65","at NYG","-","-","5 out of 5 stars"
"137","Malachi Fields",NYG,"WR66","vs. ARI","-","-","2 out of 5 stars"
"138","Roman Wilson",PIT,"WR67","at CLE","-","-","5 out of 5 stars"
"139","Kaelon Black",SF,"RB47","vs. DEN","-","-","4 out of 5 stars"
"140","Mike Washington Jr.",LV,"RB48","vs. KC","-","-","3 out of 5 stars"
"141","Brian Robinson Jr.",ATL,"RB49","at NO","-","-","4 out of 5 stars"
"142","Tyjae Spears",TEN,"RB50","at BAL","-","-","3 out of 5 stars"
"143","Xavier Hutchinson",HOU,"WR68","vs. DAL","-","-","4 out of 5 stars"
"144","Jalen Coker",CAR,"WR69","vs. DET","-","-","4 out of 5 stars"
"145","Michael Mayer",LV,"TE26","vs. KC","-","-","3 out of 5 stars"
"146","Mike Gesicki",CIN,"TE27","vs. JAC","-","-","3 out of 5 stars"
"147","Mike Evans",SF,"WR70","vs. DEN","-","-","2 out of 5 stars"
"148","Najee Harris",NYG,"RB51","vs. ARI","-","-","5 out of 5 stars"
"149","Cade Otton",TB,"TE28","vs. GB","-","-","2 out of 5 stars"
"150","Jalen Nailor",LV,"WR71","vs. KC","-","-","1 out of 5 stars"
"151","Evan Engram",DEN,"TE29","at SF","-","-","1 out of 5 stars"
"152","Greg Dulcich",MIA,"TE30","at MIN","-","-","2 out of 5 stars"
"153","Tyquan Thornton",KC,"WR72","at LV","-","-","3 out of 5 stars"
"154","Justice Hill",BAL,"RB52","vs. TEN","-","-","4 out of 5 stars"
"155","Ted Hurst III",TB,"WR73","vs. GB","-","-","5 out of 5 stars"
"156","Ty Johnson",BUF,"RB53","vs. NE","-","-","4 out of 5 stars"
"157","George Holani",SEA,"RB54","vs. LAC","-","-","2 out of 5 stars"
"158","DeMario Douglas",NE,"WR74","at BUF","-","-","4 out of 5 stars"
"159","Samaje Perine",CIN,"RB55","vs. JAC","-","-","2 out of 5 stars"
"160","Jauan Jennings",MIN,"WR75","vs. MIA","-","-","4 out of 5 stars"
"161","Cooper Kupp",SEA,"WR76","vs. LAC","-","-","4 out of 5 stars"
"162","Jaylin Noel",HOU,"WR77","vs. DAL","-","-","4 out of 5 stars"
"163","Isaiah Williams",NYJ,"WR78","at CHI","-","-","4 out of 5 stars"
"164","Konata Mumpfield",LAR,"WR79","at PHI","-","-","3 out of 5 stars"
"165","Darnell Washington",PIT,"TE31","at CLE","-","-","3 out of 5 stars"
"166","Raheim Sanders",CLE,"RB56","vs. PIT","-","-","2 out of 5 stars"
"167","Gunnar Helm",TEN,"TE32","at BAL","-","-","4 out of 5 stars"
"168","Chris Brooks",GB,"RB57","at TB","-","-","1 out of 5 stars"
"169","Keon Coleman",BUF,"WR80","vs. NE","-","-","2 out of 5 stars"
"170","Isaiah Davis",NYJ,"RB58","at CHI","-","-","5 out of 5 stars"
"171","Jaylen Wright",MIA,"RB59","at MIN","-","-","1 out of 5 stars"
"172","Will Shipley",PHI,"RB60","vs. LAR","-","-","1 out of 5 stars"
"173","Tank Bigsby",PHI,"RB61","vs. LAR","-","-","1 out of 5 stars"
"174","Antonio Williams",WAS,"WR81","vs. IND","-","-","5 out of 5 stars"
"175","Sione Vaki",DET,"RB62","at CAR","-","-","5 out of 5 stars"
"176","Isaac TeSlaa",DET,"WR82","at CAR","-","-","1 out of 5 stars"
"177","Zach Ertz",PHI,"TE33","vs. LAR","-","-","1 out of 5 stars"
"178","DeeJay Dallas",MIN,"RB63","vs. MIA","-","-","5 out of 5 stars"
"179","AJ Dillon",CAR,"RB64","vs. DET","-","-","3 out of 5 stars"
"180","Demond Claiborne",MIN,"RB65","vs. MIA","-","-","5 out of 5 stars"
"181","Elic Ayomanor",TEN,"WR83","at BAL","-","-","2 out of 5 stars"
"182","Darnell Mooney",NYG,"WR84","vs. ARI","-","-","2 out of 5 stars"
"183","Colby Parkinson",LAR,"TE34","at PHI","-","-","2 out of 5 stars"
"184","Kimani Vidal",LAC,"RB66","at SEA","-","-","1 out of 5 stars"
"185","Jahan Dotson",ATL,"WR85","at NO","-","-","2 out of 5 stars"
"186","Jordan Watkins",SF,"WR86","vs. DEN","-","-","2 out of 5 stars"
"187","Kyle Juszczyk",SF,"RB67","vs. DEN","-","-","4 out of 5 stars"
"188","Joshua Palmer",BUF,"WR87","vs. NE","-","-","2 out of 5 stars"
"189","Brycen Tremayne",CAR,"WR88","vs. DET","-","-","4 out of 5 stars"
"190","Bryce Lance",NO,"WR89","vs. ATL","-","-","2 out of 5 stars"
"191","Laquon Treadwell",IND,"WR90","at WAS","-","-","5 out of 5 stars"
"192","Jerry Jeudy",CLE,"WR91","vs. PIT","-","-","4 out of 5 stars"
"193","Ray Davis",BUF,"RB68","vs. NE","-","-","4 out of 5 stars"
"194","Germie Bernard",PIT,"WR92","at CLE","-","-","5 out of 5 stars"
"195","Calvin Ridley",TEN,"WR93","at BAL","-","-","2 out of 5 stars"
"196","Kaytron Allen",WAS,"RB69","vs. IND","-","-","3 out of 5 stars"
"197","LeQuint Allen Jr.",JAC,"RB70","at CIN","-","-","5 out of 5 stars"
"198","Noah Fant",NO,"TE35","vs. ATL","-","-","5 out of 5 stars"
"199","Seth McGowan",IND,"RB71","at WAS","-","-","1 out of 5 stars"
"200","Adonai Mitchell",NYJ,"WR94","at CHI","-","-","4 out of 5 stars"
"201","Kyle Williams",NE,"WR95","at BUF","-","-","4 out of 5 stars"
"202","Olamide Zaccheaus",ATL,"WR96","at NO","-","-","2 out of 5 stars"
"203","Tez Johnson",TB,"WR97","vs. GB","-","-","5 out of 5 stars"
"204","Zachariah Branch",ATL,"WR98","at NO","-","-","2 out of 5 stars"
"205","Kevin Coleman Jr.",MIA,"WR99","at MIN","-","-","3 out of 5 stars"
"206","Troy Franklin",DEN,"WR100","at SF","-","-","1 out of 5 stars"
"207","Tyler Badie",DEN,"RB72","at SF","-","-","3 out of 5 stars"
"208","KaVontae Turpin",DAL,"WR101","at HOU","-","-","3 out of 5 stars"
"209","Tyrone Tracy Jr.",NYG,"RB73","vs. ARI","-","-","5 out of 5 stars"
"210","Travis Hunter",JAC,"WR102","at CIN","-","-","1 out of 5 stars"
"211","Ameer Abdullah",JAC,"RB74","at CIN","-","-","5 out of 5 stars"
"212","Nicholas Singleton",TEN,"RB75","at BAL","-","-","3 out of 5 stars"
"213","Tommy Tremble",CAR,"TE36","vs. DET","-","-","5 out of 5 stars"
"214","Sean Tucker",TB,"RB76","vs. GB","-","-","5 out of 5 stars"
"215","Emari Demercado",DAL,"RB77","at HOU","-","-","1 out of 5 stars"
"216","Chimere Dike",TEN,"WR103","at BAL","-","-","2 out of 5 stars"
"217","Jacob Saylors",DET,"RB78","at CAR","-","-","5 out of 5 stars"
"218","Terrance Ferguson",LAR,"TE37","at PHI","-","-","2 out of 5 stars"
"219","Chris Moore",BAL,"WR104","vs. TEN","-","-","5 out of 5 stars"
"220","Travis Homer",PIT,"RB79","at CLE","-","-","2 out of 5 stars"
"221","Jeremy Ruckert",NYJ,"TE38","at CHI","-","-","1 out of 5 stars"
"222","Devontez Walker",BAL,"WR105","vs. TEN","-","-","5 out of 5 stars"
"223","Cole Kmet",CHI,"TE39","vs. NYJ","-","-","3 out of 5 stars"
"224","Tutu Atwell",LAR,"WR106","at PHI","-","-","3 out of 5 stars"
"225","Brashard Smith",KC,"RB80","at LV","-","-","2 out of 5 stars"
"226","Jacob Cowing",SF,"WR107","vs. DEN","-","-","2 out of 5 stars"
"227","Josh Cameron",JAC,"WR108","at CIN","-","-","1 out of 5 stars"
"228","CJ Donaldson",NO,"RB81","vs. ATL","-","-","2 out of 5 stars"
"229","Skyy Moore",GB,"WR109","at TB","-","-","1 out of 5 stars"
"230","Dohnte Meyers",CIN,"WR110","vs. JAC","-","-","3 out of 5 stars"
"231","Tahj Brooks",CIN,"RB82","vs. JAC","-","-","2 out of 5 stars"
"232","Roschon Johnson",CHI,"RB83","vs. NYJ","-","-","4 out of 5 stars"
"233","Tory Horton",SEA,"WR111","vs. LAC","-","-","4 out of 5 stars"
"234","Tyler Goodson",DAL,"RB84","at HOU","-","-","1 out of 5 stars"
"235","John Metchie III",CAR,"WR112","vs. DET","-","-","4 out of 5 stars"
"236","Foster Moreau",HOU,"TE40","vs. DAL","-","-","5 out of 5 stars"
"237","Dawson Knox",BUF,"TE41","vs. NE","-","-","2 out of 5 stars"
"238","Davis Allen",LAR,"TE42","at PHI","-","-","2 out of 5 stars"
"239","Jordan James",SF,"RB85","vs. DEN","-","-","4 out of 5 stars"
"240","Rasheen Ali",BAL,"RB86","vs. TEN","-","-","4 out of 5 stars"
"241","Cody White",LV,"WR113","vs. KC","-","-","1 out of 5 stars"
"242","Theo Johnson",NYG,"TE43","vs. ARI","-","-","5 out of 5 stars"
"243","Jared Wayne",HOU,"WR114","vs. DAL","-","-","4 out of 5 stars"
"244","Noah Gray",KC,"TE44","at LV","-","-","5 out of 5 stars"
"245","Jonnu Smith",GB,"TE45","at TB","-","-","4 out of 5 stars"
"246","Treylon Burks",WAS,"WR115","vs. IND","-","-","5 out of 5 stars"
"247","Corey Kiner",NE,"RB87","at BUF","-","-","4 out of 5 stars"
"248","Hunter Luepke",DAL,"RB88","at HOU","-","-","1 out of 5 stars"
"249","Dyami Brown",WAS,"WR116","vs. IND","-","-","5 out of 5 stars"
"250","Breece Hall",NYJ,"RB89","at CHI","-","-","5 out of 5 stars"
"251","Mitchell Evans",CAR,"TE46","vs. DET","-","-","5 out of 5 stars"
"252","Ben Sinnott",WAS,"TE47","vs. IND","-","-","4 out of 5 stars"
"253","Matt Hibner",BAL,"TE48","vs. TEN","-","-","1 out of 5 stars"
"254","Jalen Royals",KC,"WR117","at LV","-","-","3 out of 5 stars"
"255","Alec Ingold",LAC,"RB90","at SEA","-","-","1 out of 5 stars"
"256","Bam Knight",ARI,"RB91","at NYG","-","-","3 out of 5 stars"
"257","Austin Hooper",ATL,"TE49","at NO","-","-","5 out of 5 stars"
"258","KhaDarel Hodge",SF,"WR118","vs. DEN","-","-","2 out of 5 stars"
"259","Darius Slayton",IND,"WR119","at WAS","-","-","5 out of 5 stars"
"260","Bo Melton",GB,"WR120","at TB","-","-","1 out of 5 stars"
"261","Jaleel McLaughlin",CLE,"RB92","vs. PIT","-","-","2 out of 5 stars"
"262","Drew Sample",CIN,"TE50","vs. JAC","-","-","3 out of 5 stars"
"263","Lew Nichols III",PIT,"RB93","at CLE","-","-","2 out of 5 stars"
"264","Johnny Mundt",PHI,"TE51","vs. LAR","-","-","1 out of 5 stars"
"265","Patrick Ricard",NYG,"RB94","vs. ARI","-","-","5 out of 5 stars"
"266","John Bates",WAS,"TE52","vs. IND","-","-","4 out of 5 stars"
"267","Cyrus Allen",KC,"WR121","at LV","-","-","3 out of 5 stars"
"268","Elijah Arroyo",SEA,"TE53","vs. LAC","-","-","3 out of 5 stars"
"269","Colson Yankoff",WAS,"TE54","vs. IND","-","-","4 out of 5 stars"
"270","Jordan Whittington",LAR,"WR122","at PHI","-","-","3 out of 5 stars"
"271","Nate Boerkircher",JAC,"TE55","at CIN","-","-","4 out of 5 stars"
"272","J. Michael Sturdivant",GB,"WR123","at TB","-","-","1 out of 5 stars"
"273","Adam Trautman",DEN,"TE56","at SF","-","-","1 out of 5 stars"
"274","Daniel Bellinger",TEN,"TE57","at BAL","-","-","4 out of 5 stars"
"275","Dylan Laube",LV,"RB95","vs. KC","-","-","3 out of 5 stars"
"276","Sam Roush",CHI,"TE58","vs. NYJ","-","-","3 out of 5 stars"
"277","Brevyn Spann-Ford",DAL,"TE59","at HOU","-","-","2 out of 5 stars"
"278","Caleb Douglas",MIA,"WR124","at MIN","-","-","3 out of 5 stars"
"279","Reggie Gilliam",NE,"RB96","at BUF","-","-","4 out of 5 stars"
"280","Xavier Legette",CAR,"WR125","vs. DET","-","-","4 out of 5 stars"
"281","Chig Okonkwo",WAS,"TE60","vs. IND","-","-","4 out of 5 stars"
"282","Sterling Shepard",NYJ,"WR126","at CHI","-","-","4 out of 5 stars"
"283","Blake Whiteheart",CLE,"TE61","vs. PIT","-","-","2 out of 5 stars"
"284","Erick All Jr.",CIN,"TE62","vs. JAC","-","-","3 out of 5 stars"
"285","Marvin Mims Jr.",DEN,"WR127","at SF","-","-","1 out of 5 stars"
"286","Tai Felton",MIN,"WR128","vs. MIA","-","-","4 out of 5 stars"
"287","Elijah Higgins",ARI,"TE63","at NYG","-","-","1 out of 5 stars"
"288","Durham Smythe",BAL,"TE64","vs. TEN","-","-","1 out of 5 stars"
"289","Xavier Smith",LAR,"WR129","at PHI","-","-","3 out of 5 stars"
"290","Nate Adkins",DEN,"TE65","at SF","-","-","1 out of 5 stars"
"291","Jackson Hawes",BUF,"TE66","vs. NE","-","-","2 out of 5 stars"
"292","Jaylin Lane",WAS,"WR130","vs. IND","-","-","5 out of 5 stars"
"293","Will Kacmarek",MIA,"TE67","at MIN","-","-","2 out of 5 stars"
"294","Colbie Young",CIN,"WR131","vs. JAC","-","-","3 out of 5 stars"
"295","Efton Chism III",NE,"WR132","at BUF","-","-","4 out of 5 stars"
"296","Ryan Miller",MIA,"WR133","at MIN","-","-","3 out of 5 stars"
"297","Jahdae Walker",CHI,"WR134","vs. NYJ","-","-","5 out of 5 stars"
"298","Luke Schoonmaker",DAL,"TE68","at HOU","-","-","2 out of 5 stars"
"299","Darius Cooper",PHI,"WR135","vs. LAR","-","-","3 out of 5 stars"
"300","Myles Price",MIN,"WR136","vs. MIA","-","-","4 out of 5 stars"
"301","Brock Wright",DET,"TE69","at CAR","-","-","4 out of 5 stars"
"302","Malik Benson",LV,"WR137","vs. KC","-","-","1 out of 5 stars"
"303","Jalen Tolbert",MIA,"WR138","at MIN","-","-","3 out of 5 stars"
"304","LaJohntay Wester",BAL,"WR139","vs. TEN","-","-","5 out of 5 stars"
"305","Isaiah Bond",CLE,"WR140","vs. PIT","-","-","4 out of 5 stars"
"306","Luke Farrell",SF,"TE70","vs. DEN","-","-","4 out of 5 stars"
"307","Adam Prentice",DEN,"RB97","at SF","-","-","3 out of 5 stars"
"308","Devin Singletary",NYG,"RB98","vs. ARI","-","-","5 out of 5 stars"
"309","Zavion Thomas",CHI,"WR141","vs. NYJ","-","-","5 out of 5 stars"
"310","Tanner Hudson",CIN,"TE71","vs. JAC","-","-","3 out of 5 stars"
"311","Oscar Delp",NO,"TE72","vs. ATL","-","-","5 out of 5 stars"
"312","Andrew Beck",NYJ,"RB99","at CHI","-","-","5 out of 5 stars"
"313","Marlin Klein",HOU,"TE73","vs. DAL","-","-","5 out of 5 stars"
"314","Braxton Berrios",NYG,"WR142","vs. ARI","-","-","2 out of 5 stars"
"315","Ben Skowronek",PIT,"WR143","at CLE","-","-","5 out of 5 stars"
"316","Quintin Morris",JAC,"TE74","at CIN","-","-","4 out of 5 stars"
"317","Eric Saubert",SEA,"TE75","vs. LAC","-","-","3 out of 5 stars"
"318","Brenen Thompson",LAC,"WR144","at SEA","-","-","1 out of 5 stars"
"319","Drew Ogletree",IND,"TE76","at WAS","-","-","5 out of 5 stars"
"320","Jarquez Hunter",MIA,"RB100","at MIN","-","-","1 out of 5 stars"
"321","Charlie Woerner",ATL,"TE77","at NO","-","-","5 out of 5 stars"
"322","Dallas Goedert",PHI,"TE78","vs. LAR","-","-","1 out of 5 stars"
"323","Elijah Sarratt",BAL,"WR145","vs. TEN","-","-","5 out of 5 stars"
"324","Mo Alie-Cox",IND,"TE79","at WAS","-","-","5 out of 5 stars"
"325","Jelani Woods",NYJ,"TE80","at CHI","-","-","1 out of 5 stars"
"326","Hayden Rucci",LAC,"TE81","at SEA","-","-","3 out of 5 stars"
"327","Eli Raridon",NE,"TE82","at BUF","-","-","1 out of 5 stars"
"328","Jonathan Mingo",DAL,"WR146","at HOU","-","-","3 out of 5 stars"
"329","Deion Burks",IND,"WR147","at WAS","-","-","5 out of 5 stars"
"330","Robert Tonyan",PIT,"TE83","at CLE","-","-","3 out of 5 stars"
"331","Hunter Long",ARI,"TE84","at NYG","-","-","1 out of 5 stars"
"332","Hollywood Brown",PHI,"WR148","vs. LAR","-","-","3 out of 5 stars"
"333","Max Klare",LAR,"TE85","at PHI","-","-","2 out of 5 stars"
"334","Josh Cuevas",BAL,"TE86","vs. TEN","-","-","1 out of 5 stars"
"335","Cade Stover",HOU,"TE87","vs. DAL","-","-","5 out of 5 stars"
"336","Cameron Latu",NE,"TE88","at BUF","-","-","1 out of 5 stars"
"337","Mason Taylor",NYJ,"TE89","at CHI","-","-","1 out of 5 stars"
"338","Malik McClain",NYJ,"WR149","at CHI","-","-","4 out of 5 stars"
"339","Jack Bech",LV,"WR150","vs. KC","-","-","1 out of 5 stars"
"340","Gavin Bartholomew",MIN,"TE90","vs. MIA","-","-","4 out of 5 stars"
"341","Chris Blair",ATL,"WR151","at NO","-","-","2 out of 5 stars"
"342","E.J. Jenkins",PHI,"TE91","vs. LAR","-","-","1 out of 5 stars"
"343","Chris Manhertz",NYG,"TE92","vs. ARI","-","-","5 out of 5 stars"
"344","Kevin Austin Jr.",NO,"WR152","vs. ATL","-","-","2 out of 5 stars"
"345","Marquez Valdes-Scantling",LAC,"WR153","at SEA","-","-","1 out of 5 stars"
"346","Jake Briningstool",KC,"TE93","at LV","-","-","5 out of 5 stars"
"347","Luke McCaffrey",WAS,"WR154","vs. IND","-","-","5 out of 5 stars"
"348","Tay Martin",DET,"WR155","at CAR","-","-","1 out of 5 stars"
"349","Ian Thomas",LV,"TE94","vs. KC","-","-","3 out of 5 stars"
"350","Mark Redman",GB,"TE95","at TB","-","-","4 out of 5 stars"
"351","Josh Whyle",GB,"TE96","at TB","-","-","4 out of 5 stars"
"352","Josh Williams",TB,"RB101","vs. GB","-","-","5 out of 5 stars"
"353","Keleki Latu",BUF,"TE97","vs. NE","-","-","2 out of 5 stars"
"354","Max Bredeson",MIN,"RB102","vs. MIA","-","-","5 out of 5 stars"
"355","Michael Burton",CLE,"RB103","vs. PIT","-","-","2 out of 5 stars"
"356","David Martin-Robinson",TEN,"TE98","at BAL","-","-","4 out of 5 stars"
"357","Brayden Willis",SF,"TE99","vs. DEN","-","-","4 out of 5 stars"
"358","Julius Chestnut",TEN,"RB104","at BAL","-","-","3 out of 5 stars"
"359","DJ Giddens",IND,"RB105","at WAS","-","-","1 out of 5 stars"
"360","British Brooks",HOU,"RB106","vs. DAL","-","-","4 out of 5 stars"
"361","Carsen Ryan",CLE,"TE100","vs. PIT","-","-","2 out of 5 stars"
"362","Seydou Traore",MIA,"TE101","at MIN","-","-","2 out of 5 stars"
"363","Kameron Johnson",TB,"WR156","vs. GB","-","-","5 out of 5 stars"
"364","Jalen Brooks",ARI,"WR157","at NYG","-","-","5 out of 5 stars"
"365","Britain Covey",PHI,"WR158","vs. LAR","-","-","3 out of 5 stars"
"366","Dean Connors",LAR,"RB107","at PHI","-","-","5 out of 5 stars"
"367","Ashton Dulin",IND,"WR159","at WAS","-","-","5 out of 5 stars"
"368","Dareke Young",LV,"WR160","vs. KC","-","-","1 out of 5 stars"
"369","Jimmy Horn Jr.",CLE,"WR161","vs. PIT","-","-","4 out of 5 stars"
"370","Simi Fehoko",ARI,"WR162","at NYG","-","-","5 out of 5 stars"
"371","Elijah Moore",PHI,"WR163","vs. LAR","-","-","3 out of 5 stars"
"372","CJ Daniels",LAR,"WR164","at PHI","-","-","3 out of 5 stars"
"373","Jamaal Pritchett",NYJ,"WR165","at CHI","-","-","4 out of 5 stars"
"374","Skyler Bell",BUF,"WR166","vs. NE","-","-","2 out of 5 stars"
"375","Brady Russell",SEA,"TE102","vs. LAC","-","-","3 out of 5 stars"
"376","Bauer Sharp",TB,"TE103","vs. GB","-","-","2 out of 5 stars"
"377","Tom Kennedy",DET,"WR167","at CAR","-","-","1 out of 5 stars"
"378","Derius Davis",LAC,"WR168","at SEA","-","-","1 out of 5 stars"
"379","Payne Durham",TB,"TE104","vs. GB","-","-","2 out of 5 stars"
"380","Treyton Welch",NO,"TE105","vs. ATL","-","-","5 out of 5 stars"
"381","Barion Brown",NO,"WR169","vs. ATL","-","-","2 out of 5 stars"
"382","Nick Kallerup",SEA,"TE106","vs. LAC","-","-","3 out of 5 stars"
"383","Feleipe Franks",CAR,"TE107","vs. DET","-","-","5 out of 5 stars"
"384","Connor Heyward",LV,"TE108","vs. KC","-","-","3 out of 5 stars"
"385","Nick Muse",ATL,"TE109","at NO","-","-","5 out of 5 stars"
"386","Eli Heidenreich",PIT,"RB108","at CLE","-","-","2 out of 5 stars"
"387","Greg Dortch",BUF,"WR170","vs. NE","-","-","2 out of 5 stars"
"388","Ke'Shawn Williams",CIN,"WR171","vs. JAC","-","-","3 out of 5 stars"
"389","Malachi Corley",CLE,"WR172","vs. PIT","-","-","4 out of 5 stars"
"390","Odell Beckham Jr.",FA,"WR173","-","-","-","-"
"391","Tylan Wallace",CLE,"WR174","vs. PIT","-","-","4 out of 5 stars"
"392","Jawhar Jordan",HOU,"RB109","vs. DAL","-","-","4 out of 5 stars"
"393","Anthony Tyus III",CAR,"RB110","vs. DET","-","-","3 out of 5 stars"
"394","Lil'Jordan Humphrey",DEN,"WR175","at SF","-","-","1 out of 5 stars"
"395","Lewis Bond",HOU,"WR176","vs. DAL","-","-","4 out of 5 stars"
"396","Josh Jacobs",GB,"RB111","at TB","-","-","1 out of 5 stars"
"397","Ja'Tavion Sanders",CAR,"TE110","vs. DET","-","-","5 out of 5 stars"
"398","Devin Duvernay",ARI,"WR177","at NYG","-","-","5 out of 5 stars"
"399","Tyler Conklin",DET,"TE111","at CAR","-","-","4 out of 5 stars"
"400","Riley Nowakowski",PIT,"TE112","at CLE","-","-","3 out of 5 stars"
"401","Kaden Wetjen",PIT,"WR178","at CLE","-","-","5 out of 5 stars"
"402","Reggie Virgil",ARI,"WR179","at NYG","-","-","5 out of 5 stars"
"403","Nick Westbrook-Ikhine",IND,"WR180","at WAS","-","-","5 out of 5 stars"
"404","Kolbe Katsis",DEN,"WR181","at SF","-","-","1 out of 5 stars"
"405","Anthony Gould",IND,"WR182","at WAS","-","-","5 out of 5 stars"
"406","Montorie Foster Jr.",SEA,"WR183","vs. LAC","-","-","4 out of 5 stars"
"407","Tanner Arkin",NE,"TE113","at BUF","-","-","1 out of 5 stars"
"408","Patrick Herbert",LAC,"TE114","at SEA","-","-","3 out of 5 stars"
"409","Nikko Remigio",KC,"WR184","at LV","-","-","3 out of 5 stars"
"410","Frank Gore Jr.",BUF,"RB112","vs. NE","-","-","4 out of 5 stars"
"411","Kylen Granson",TEN,"TE115","at BAL","-","-","4 out of 5 stars"
"412","Dare Ogunbowale",HOU,"RB113","vs. DAL","-","-","4 out of 5 stars"
"413","Jalin Hyatt",NYG,"WR185","vs. ARI","-","-","2 out of 5 stars"
"414","Ben Yurosek",MIN,"TE116","vs. MIA","-","-","4 out of 5 stars"
"415","Trey Palmer",NO,"WR186","vs. ATL","-","-","2 out of 5 stars"
"416","Austin Ekeler",WAS,"RB114","vs. IND","-","-","3 out of 5 stars"
"417","Rico Dowdle",PIT,"RB115","at CLE","-","-","2 out of 5 stars"
"418","Tanner Koziol",JAC,"TE117","at CIN","-","-","4 out of 5 stars"
"419","Mitch Tinsley",CIN,"WR187","vs. JAC","-","-","3 out of 5 stars"
"420","Justin Joly",MIA,"TE118","at MIN","-","-","2 out of 5 stars"
"421","Brandin Cooks",SF,"WR188","vs. DEN","-","-","2 out of 5 stars"
"422","Charlie Jones",NYG,"WR189","vs. ARI","-","-","2 out of 5 stars"
"423","Ko Kieft",TB,"TE119","vs. GB","-","-","2 out of 5 stars"
"424","Willie Carter",CHI,"RB116","vs. NYJ","-","-","4 out of 5 stars"
"425","CJ Williams",JAC,"WR190","at CIN","-","-","1 out of 5 stars"
"426","Demarcus Robinson",SF,"WR191","vs. DEN","-","-","2 out of 5 stars"
"427","Jackson Meeks",DET,"WR192","at CAR","-","-","1 out of 5 stars"
"428","Salvon Ahmed",CHI,"RB117","vs. NYJ","-","-","4 out of 5 stars"
"429","Jared Wiley",KC,"TE120","at LV","-","-","5 out of 5 stars"
"430","Jake Tonges",SF,"TE121","vs. DEN","-","-","4 out of 5 stars"
"431","Charlie Kolar",LAC,"TE122","at SEA","-","-","3 out of 5 stars"
"432","Devin Neal",MIN,"RB118","vs. MIA","-","-","5 out of 5 stars"
"433","Phil Mafah",NYG,"RB119","vs. ARI","-","-","5 out of 5 stars"
"434","Khalil Herbert",ATL,"RB120","at NO","-","-","4 out of 5 stars"
"435","Emmanuel Henderson Jr.",SEA,"WR193","vs. LAC","-","-","4 out of 5 stars"
"436","Raheem Mostert",LV,"RB121","vs. KC","-","-","3 out of 5 stars"
"437","Dallen Bentley",DEN,"TE123","at SF","-","-","1 out of 5 stars"
"438","Michael Trigg",DAL,"TE124","at HOU","-","-","2 out of 5 stars"
"439","Xavier Restrepo",TEN,"WR194","at BAL","-","-","2 out of 5 stars"
"440","Gage Larvadain",BAL,"WR195","vs. TEN","-","-","5 out of 5 stars"
"441","Dominic Lovett",DET,"WR196","at CAR","-","-","1 out of 5 stars"
"442","Deven Thompkins",LV,"WR197","vs. KC","-","-","1 out of 5 stars"
"443","Casey Washington",CAR,"WR198","vs. DET","-","-","4 out of 5 stars"
"444","Julian Hicks",FA,"WR199","-","-","-","-"
"445","Josiah Deguara",PHI,"TE125","vs. LAR","-","-","1 out of 5 stars"
"446","Trent Sherfield Sr.",BUF,"WR200","vs. NE","-","-","2 out of 5 stars"
"447","Tim Jones",JAC,"WR201","at CIN","-","-","1 out of 5 stars"
"448","Anthony Smith",DAL,"WR202","at HOU","-","-","3 out of 5 stars"
"449","Velus Jones Jr.",SEA,"WR203","vs. LAC","-","-","4 out of 5 stars"
"450","Drake Dabney",GB,"TE126","at TB","-","-","4 out of 5 stars"
"451","James Mitchell",DAL,"TE127","at HOU","-","-","2 out of 5 stars"
"452","Jack Stoll",SF,"TE128","vs. DEN","-","-","4 out of 5 stars"
"453","Lucas Krull",DEN,"TE129","at SF","-","-","1 out of 5 stars"
"454","Jaydon Blue",PHI,"RB122","vs. LAR","-","-","1 out of 5 stars"
"455","Craig Reynolds",WAS,"RB123","vs. IND","-","-","3 out of 5 stars"
"456","Chase Edmonds",WAS,"RB124","vs. IND","-","-","3 out of 5 stars"
"457","Dameon Pierce",PHI,"RB125","vs. LAR","-","-","1 out of 5 stars"
"458","Jonathan Ward",BAL,"RB126","vs. TEN","-","-","4 out of 5 stars"
"459","Zamir White",NO,"RB127","vs. ATL","-","-","2 out of 5 stars"
"460","Kalel Mullings",TEN,"RB128","at BAL","-","-","3 out of 5 stars"
"461","Lan Larison",NE,"RB129","at BUF","-","-","4 out of 5 stars"